{"type":"FeatureCollection","features":[{"type":"Feature","properties":{"ward_number":1,"area_km2":3.0282550486,"population_2011":6308,"population_density_2011":2083.05,"population_source":"Census of India 2011 \u00e2\u20ac\u201d Haldia (M) ward record","boundary_source":"Haldia Municipality \u00e2\u20ac\u201d Haldia Municipal Boundary 2012 KMZ","h_areas":["H04"]},"geometry":{"type":"Polygon","coordinates":[[[88.102221,22.121461],[88.102132,22.121633],[88.102147,22.121896],[88.102244,22.122189],[88.102349,22.122309],[88.102486,22.122417],[88.102617,22.122517],[88.102652,22.122665],[88.102543,22.123168],[88.102577,22.123398],[88.10253,22.123518],[88.102531,22.123568],[88.10264,22.123606],[88.102965,22.123692],[88.10326,22.12378],[88.10358,22.123932],[88.10385,22.124079],[88.104034,22.124066],[88.104248,22.124085],[88.104473,22.124076],[88.104714,22.124113],[88.104931,22.124147],[88.105029,22.124133],[88.105169,22.124081],[88.10529,22.124065],[88.105427,22.124102],[88.105564,22.124106],[88.105711,22.124092],[88.105809,22.124106],[88.105872,22.124251],[88.105913,22.124306],[88.105984,22.124319],[88.106156,22.124287],[88.106471,22.124242],[88.106629,22.12416],[88.10672,22.124032],[88.106889,22.124018],[88.107136,22.124022],[88.107228,22.124167],[88.107291,22.124326],[88.107382,22.124421],[88.107515,22.124401],[88.108082,22.124226],[88.108427,22.124091],[88.108657,22.124053],[88.109081,22.124048],[88.109295,22.124057],[88.109474,22.124146],[88.109798,22.124435],[88.109978,22.12476],[88.110172,22.125031],[88.110495,22.125284],[88.110635,22.125345],[88.110826,22.125437],[88.110856,22.125528],[88.110785,22.125664],[88.110733,22.125796],[88.110707,22.125978],[88.110702,22.126073],[88.110769,22.126198],[88.110737,22.126421],[88.110762,22.126656],[88.110882,22.126936],[88.11096,22.127169],[88.111016,22.127366],[88.111015,22.1276],[88.111058,22.127766],[88.11104,22.127885],[88.1111,22.127933],[88.111484,22.12797],[88.111687,22.127966],[88.111758,22.127888],[88.111976,22.127898],[88.112211,22.127909],[88.112379,22.127859],[88.112466,22.127729],[88.112489,22.127575],[88.112563,22.12748],[88.112859,22.127364],[88.113058,22.127276],[88.113305,22.127259],[88.113525,22.127257],[88.11377,22.127252],[88.114121,22.127167],[88.114448,22.127101],[88.114734,22.127053],[88.114924,22.127079],[88.115142,22.127029],[88.11557,22.12699],[88.115873,22.126767],[88.116136,22.126644],[88.116648,22.126493],[88.116875,22.126444],[88.117146,22.126268],[88.117324,22.126208],[88.117448,22.126112],[88.117779,22.12599],[88.11787,22.125946],[88.118124,22.125943],[88.118451,22.126008],[88.118653,22.12612],[88.11892,22.126178],[88.119235,22.126322],[88.119441,22.126459],[88.119452,22.126552],[88.119506,22.126659],[88.119682,22.126923],[88.119761,22.127075],[88.119812,22.127117],[88.119966,22.127153],[88.120275,22.127177],[88.120427,22.127226],[88.120546,22.127318],[88.120571,22.127483],[88.120699,22.127682],[88.12094,22.127899],[88.121177,22.128068],[88.121337,22.128266],[88.121402,22.128576],[88.121477,22.128826],[88.121677,22.12909],[88.121791,22.129335],[88.121953,22.129554],[88.122054,22.129603],[88.122148,22.129572],[88.122227,22.129474],[88.122251,22.129365],[88.122236,22.129177],[88.122242,22.129024],[88.122197,22.128903],[88.122164,22.128755],[88.122148,22.12858],[88.122115,22.128386],[88.1221,22.128244],[88.12206,22.128133],[88.122029,22.128004],[88.122051,22.127868],[88.122165,22.12775],[88.122268,22.127706],[88.12249,22.127712],[88.122591,22.127761],[88.122695,22.127903],[88.122806,22.127929],[88.122975,22.127944],[88.123141,22.127944],[88.123292,22.127877],[88.123644,22.127745],[88.123921,22.127641],[88.124306,22.127571],[88.124628,22.127426],[88.125077,22.127365],[88.125426,22.127325],[88.125578,22.127328],[88.125802,22.127321],[88.126056,22.12728],[88.126176,22.127205],[88.126283,22.127058],[88.126283,22.126858],[88.126095,22.12661],[88.12601,22.126507],[88.126049,22.12646],[88.125922,22.126369],[88.125882,22.126167],[88.126049,22.126027],[88.126109,22.125875],[88.126049,22.125578],[88.125976,22.125358],[88.126072,22.125211],[88.126201,22.125079],[88.126225,22.124818],[88.126147,22.124625],[88.126046,22.124469],[88.126064,22.123903],[88.1259,22.123464],[88.125947,22.122941],[88.125703,22.122547],[88.125606,22.122129],[88.125425,22.121893],[88.125125,22.121614],[88.124828,22.121309],[88.124653,22.120925],[88.124611,22.120383],[88.124495,22.119965],[88.124261,22.119827],[88.123874,22.119728],[88.12353,22.1197],[88.123464,22.119538],[88.123391,22.119179],[88.123175,22.118797],[88.122508,22.118403],[88.122198,22.118123],[88.122074,22.117725],[88.122042,22.117331],[88.12197,22.117196],[88.121612,22.117324],[88.121199,22.117308],[88.12101,22.117301],[88.120654,22.117394],[88.12025,22.117539],[88.120082,22.11751],[88.119946,22.117381],[88.119881,22.117037],[88.119675,22.117114],[88.119299,22.117143],[88.119165,22.117258],[88.118899,22.117336],[88.118771,22.117242],[88.118602,22.116843],[88.118354,22.116581],[88.118023,22.116562],[88.117664,22.116542],[88.117563,22.116317],[88.117687,22.116001],[88.118029,22.11578],[88.11829,22.115617],[88.118348,22.115376],[88.118418,22.115165],[88.118804,22.115016],[88.118885,22.114826],[88.118791,22.114641],[88.118676,22.114374],[88.118712,22.114213],[88.118917,22.11406],[88.119387,22.114005],[88.119847,22.113896],[88.119939,22.113716],[88.119839,22.113456],[88.119741,22.112787],[88.119785,22.112453],[88.119899,22.11214],[88.119802,22.111953],[88.119761,22.111756],[88.120035,22.111484],[88.120614,22.111386],[88.121055,22.111321],[88.121156,22.111164],[88.121213,22.110827],[88.12114,22.110466],[88.120297,22.109899],[88.119524,22.109461],[88.118815,22.109158],[88.118793,22.108956],[88.118787,22.10834],[88.118342,22.107752],[88.117518,22.107577],[88.117464,22.107636],[88.117364,22.107528],[88.117246,22.107537],[88.11718,22.107537],[88.117123,22.107455],[88.117021,22.107393],[88.116908,22.107386],[88.116814,22.107391],[88.116668,22.107357],[88.11656,22.107319],[88.116425,22.107372],[88.116308,22.107433],[88.116145,22.107525],[88.116051,22.10755],[88.11591,22.107514],[88.115817,22.107464],[88.115678,22.107468],[88.115473,22.107614],[88.115361,22.107787],[88.115247,22.108037],[88.115179,22.108157],[88.11511,22.108185],[88.1148,22.108289],[88.1146,22.108417],[88.114424,22.108607],[88.11423,22.10879],[88.114038,22.108949],[88.113862,22.109137],[88.11363,22.109478],[88.113352,22.110202],[88.113162,22.110908],[88.113138,22.111369],[88.113146,22.111557],[88.113155,22.111753],[88.113164,22.112111],[88.113115,22.112307],[88.113057,22.11256],[88.113013,22.112897],[88.112934,22.113176],[88.113019,22.113348],[88.113216,22.113567],[88.113312,22.114058],[88.113271,22.114635],[88.113224,22.11488],[88.113183,22.114936],[88.113011,22.114964],[88.112829,22.114955],[88.112584,22.114971],[88.112397,22.115024],[88.112085,22.115185],[88.111888,22.115271],[88.111619,22.115377],[88.111364,22.115514],[88.11103,22.115737],[88.110748,22.115929],[88.110578,22.116007],[88.110526,22.115892],[88.110478,22.115823],[88.110466,22.115708],[88.11048,22.115398],[88.110449,22.114853],[88.110404,22.11458],[88.1103,22.114417],[88.110184,22.114393],[88.110092,22.114465],[88.109998,22.114515],[88.109862,22.114473],[88.109763,22.114431],[88.109708,22.114514],[88.109649,22.114717],[88.109524,22.114945],[88.109424,22.114979],[88.109339,22.114947],[88.109231,22.114832],[88.1092,22.11476],[88.109046,22.114748],[88.10896,22.114747],[88.108794,22.114712],[88.108637,22.114709],[88.108518,22.114749],[88.108467,22.114785],[88.108363,22.114788],[88.108258,22.114757],[88.108102,22.114743],[88.107935,22.11474],[88.107752,22.114734],[88.107634,22.114723],[88.107472,22.114689],[88.107341,22.114696],[88.107155,22.114745],[88.10694,22.114776],[88.106805,22.114802],[88.106731,22.114808],[88.106597,22.114789],[88.106317,22.114815],[88.106183,22.114836],[88.106092,22.114845],[88.105932,22.114829],[88.105798,22.114804],[88.105711,22.114795],[88.105641,22.114861],[88.105648,22.115001],[88.105647,22.115139],[88.105599,22.115223],[88.105474,22.115325],[88.105414,22.115387],[88.105452,22.115487],[88.105588,22.115678],[88.105693,22.115982],[88.105739,22.116212],[88.105697,22.116432],[88.105574,22.116737],[88.105479,22.116812],[88.10535,22.116853],[88.105057,22.116902],[88.104794,22.117004],[88.104502,22.117175],[88.104336,22.117323],[88.104248,22.117575],[88.104281,22.117703],[88.104441,22.117882],[88.104658,22.118098],[88.104717,22.118296],[88.104756,22.118428],[88.104824,22.118492],[88.105017,22.118495],[88.105344,22.118503],[88.105571,22.118483],[88.105642,22.118565],[88.105739,22.118948],[88.105719,22.119572],[88.105656,22.119903],[88.105571,22.120116],[88.105445,22.120201],[88.10533,22.120267],[88.105124,22.120281],[88.104901,22.1203],[88.104786,22.12028],[88.104594,22.120244],[88.104507,22.120168],[88.104448,22.120102],[88.104358,22.120114],[88.104276,22.120128],[88.104233,22.120181],[88.104174,22.120194],[88.104114,22.120257],[88.104021,22.120283],[88.103946,22.120456],[88.103802,22.120498],[88.103503,22.120507],[88.103195,22.120517],[88.102946,22.120633],[88.102718,22.120805],[88.102569,22.121072],[88.102368,22.121324],[88.102221,22.121461]]]}},{"type":"Feature","properties":{"ward_number":2,"area_km2":4.5949950304,"population_2011":9919,"population_density_2011":2158.65,"population_source":"Census of India 2011 \u00e2\u20ac\u201d Haldia (M) ward record","boundary_source":"Haldia Municipality \u00e2\u20ac\u201d Haldia Municipal Boundary 2012 KMZ"},"geometry":{"type":"Polygon","coordinates":[[[88.117065,22.106593],[88.117054,22.106686],[88.117123,22.106688],[88.117241,22.106662],[88.11738,22.106671],[88.117522,22.106772],[88.117549,22.106892],[88.117528,22.107123],[88.117559,22.107305],[88.117563,22.107439],[88.117518,22.107577],[88.118342,22.107752],[88.118787,22.10834],[88.118793,22.108956],[88.118815,22.109158],[88.119524,22.109461],[88.120297,22.109899],[88.12114,22.110466],[88.121213,22.110827],[88.121156,22.111164],[88.121055,22.111321],[88.120614,22.111386],[88.120035,22.111484],[88.119761,22.111756],[88.119802,22.111953],[88.119899,22.11214],[88.119785,22.112453],[88.119741,22.112787],[88.119839,22.113456],[88.119939,22.113716],[88.119847,22.113896],[88.119387,22.114005],[88.118917,22.11406],[88.118712,22.114213],[88.118676,22.114374],[88.118791,22.114641],[88.118885,22.114826],[88.118804,22.115016],[88.118418,22.115165],[88.118348,22.115376],[88.11829,22.115617],[88.118029,22.11578],[88.117687,22.116001],[88.117563,22.116317],[88.117664,22.116542],[88.118023,22.116562],[88.118354,22.116581],[88.118602,22.116843],[88.118771,22.117242],[88.118899,22.117336],[88.119165,22.117258],[88.119299,22.117143],[88.119675,22.117114],[88.119881,22.117037],[88.119946,22.117381],[88.120082,22.11751],[88.12025,22.117539],[88.120654,22.117394],[88.12101,22.117301],[88.121199,22.117308],[88.121612,22.117324],[88.12197,22.117196],[88.122042,22.117331],[88.122074,22.117725],[88.122198,22.118123],[88.122508,22.118403],[88.123175,22.118797],[88.123391,22.119179],[88.123464,22.119538],[88.12353,22.1197],[88.123874,22.119728],[88.124261,22.119827],[88.124495,22.119965],[88.124611,22.120383],[88.124653,22.120925],[88.124828,22.121309],[88.125125,22.121614],[88.125425,22.121893],[88.125606,22.122129],[88.125703,22.122547],[88.125947,22.122941],[88.1259,22.123464],[88.126064,22.123903],[88.126046,22.124469],[88.126147,22.124625],[88.126225,22.124818],[88.126201,22.125079],[88.126072,22.125211],[88.125976,22.125358],[88.126049,22.125578],[88.126109,22.125875],[88.126049,22.126027],[88.125882,22.126167],[88.125922,22.126369],[88.126049,22.12646],[88.126384,22.126433],[88.126623,22.126413],[88.126756,22.126334],[88.127092,22.126181],[88.127228,22.126121],[88.127376,22.126031],[88.127469,22.125929],[88.127508,22.125685],[88.127507,22.125498],[88.127545,22.125419],[88.127719,22.125242],[88.12794,22.125093],[88.128026,22.12501],[88.128057,22.124897],[88.128042,22.12467],[88.128048,22.124283],[88.128076,22.124188],[88.128361,22.124037],[88.128964,22.123916],[88.129618,22.12375],[88.13019,22.123584],[88.130525,22.123451],[88.13085,22.123281],[88.130969,22.123172],[88.131031,22.122982],[88.131044,22.122748],[88.131061,22.1226],[88.131096,22.1225],[88.13136,22.122319],[88.131645,22.122116],[88.131809,22.121998],[88.132169,22.121846],[88.132282,22.12178],[88.132365,22.121658],[88.13238,22.121486],[88.132252,22.121419],[88.132146,22.121332],[88.132082,22.121225],[88.132057,22.121142],[88.132052,22.121057],[88.132078,22.120975],[88.132205,22.120933],[88.132374,22.120858],[88.132454,22.120797],[88.132466,22.12068],[88.132439,22.120578],[88.132493,22.120476],[88.132543,22.120204],[88.132605,22.119787],[88.132663,22.119624],[88.132766,22.11949],[88.133291,22.119243],[88.133865,22.11904],[88.134501,22.118765],[88.135173,22.118571],[88.135541,22.118376],[88.136097,22.11823],[88.136699,22.118071],[88.137313,22.11783],[88.138018,22.117579],[88.138758,22.117322],[88.139208,22.117161],[88.139887,22.116964],[88.140321,22.116821],[88.140721,22.116634],[88.141288,22.116391],[88.141812,22.116015],[88.142171,22.115745],[88.14213,22.115502],[88.141953,22.115133],[88.141853,22.114796],[88.141591,22.114354],[88.141565,22.114162],[88.14144,22.113905],[88.141038,22.113569],[88.140912,22.11349],[88.140824,22.113081],[88.140747,22.112667],[88.140296,22.112199],[88.140079,22.112003],[88.140068,22.111625],[88.140004,22.111324],[88.139988,22.11107],[88.139679,22.110935],[88.139505,22.110902],[88.139182,22.11086],[88.139168,22.11068],[88.138991,22.110584],[88.138723,22.110539],[88.138706,22.110469],[88.138645,22.110241],[88.138487,22.110105],[88.138346,22.109951],[88.138546,22.109809],[88.139297,22.109477],[88.140049,22.109125],[88.140721,22.10866],[88.141491,22.108074],[88.141839,22.107827],[88.141806,22.107498],[88.141706,22.106878],[88.141679,22.106592],[88.141143,22.105973],[88.140078,22.104763],[88.139269,22.103793],[88.138604,22.103136],[88.138259,22.102985],[88.138007,22.102752],[88.137775,22.102396],[88.137496,22.102432],[88.137195,22.102614],[88.13666,22.102932],[88.135947,22.103319],[88.135771,22.103447],[88.135706,22.103804],[88.135623,22.103966],[88.135306,22.104113],[88.135037,22.104147],[88.134951,22.104069],[88.134875,22.103799],[88.13484,22.102943],[88.134577,22.102066],[88.134407,22.101773],[88.134087,22.101164],[88.133283,22.100895],[88.132918,22.100799],[88.132771,22.10058],[88.132617,22.100278],[88.132277,22.100242],[88.131583,22.100249],[88.13143,22.100166],[88.131337,22.100049],[88.131189,22.099671],[88.130963,22.099569],[88.13067,22.099676],[88.13059,22.099588],[88.130421,22.099319],[88.130143,22.099295],[88.129821,22.09925],[88.129693,22.098737],[88.129361,22.098218],[88.129453,22.09808],[88.129874,22.097974],[88.130217,22.097839],[88.130193,22.097706],[88.130042,22.097475],[88.129825,22.096997],[88.129158,22.097142],[88.128443,22.097363],[88.127887,22.097802],[88.127571,22.097956],[88.127079,22.09811],[88.126549,22.09836],[88.126406,22.098616],[88.126483,22.098834],[88.126867,22.099197],[88.127111,22.099611],[88.127118,22.099853],[88.12699,22.099913],[88.126721,22.099871],[88.126417,22.10002],[88.126306,22.100144],[88.126273,22.100445],[88.126146,22.100444],[88.125911,22.100358],[88.125711,22.100374],[88.125667,22.100461],[88.125666,22.100633],[88.125704,22.100869],[88.125798,22.101146],[88.125889,22.101339],[88.126114,22.101523],[88.126493,22.101879],[88.126356,22.102067],[88.126342,22.102368],[88.12636,22.102699],[88.12629,22.1028],[88.126076,22.102983],[88.125957,22.103173],[88.126044,22.103391],[88.125898,22.103487],[88.125645,22.103523],[88.125297,22.103527],[88.12496,22.103574],[88.124696,22.103665],[88.124499,22.103851],[88.124577,22.104038],[88.124861,22.104265],[88.124897,22.104439],[88.124735,22.104508],[88.12437,22.104486],[88.123921,22.104476],[88.123293,22.104569],[88.12301,22.10455],[88.122706,22.104396],[88.122272,22.104123],[88.122075,22.103945],[88.122051,22.103715],[88.121899,22.103596],[88.121081,22.10345],[88.121001,22.103169],[88.121036,22.102676],[88.120981,22.101955],[88.120734,22.101835],[88.12024,22.101784],[88.119897,22.101802],[88.11947,22.10185],[88.119109,22.101891],[88.118872,22.101873],[88.118595,22.102029],[88.118389,22.102191],[88.118245,22.102265],[88.118089,22.102346],[88.118088,22.102453],[88.118033,22.10256],[88.118037,22.102739],[88.118143,22.102983],[88.118027,22.103116],[88.117944,22.103282],[88.117973,22.103361],[88.118108,22.10342],[88.118238,22.103493],[88.118319,22.103741],[88.11835,22.104023],[88.118338,22.104166],[88.118177,22.104275],[88.118097,22.104388],[88.11808,22.104488],[88.118087,22.104581],[88.117963,22.104663],[88.117739,22.10475],[88.117523,22.104865],[88.117388,22.105015],[88.117336,22.105204],[88.11721,22.105446],[88.11715,22.105726],[88.117153,22.106067],[88.11713,22.106378],[88.117065,22.106593]]]}},{"type":"Feature","properties":{"ward_number":3,"area_km2":3.9407857473,"population_2011":8095,"population_density_2011":2054.16,"population_source":"Census of India 2011 \u00e2\u20ac\u201d Haldia (M) ward record","boundary_source":"Haldia Municipality \u00e2\u20ac\u201d Haldia Municipal Boundary 2012 KMZ"},"geometry":{"type":"Polygon","coordinates":[[[88.129453,22.09808],[88.129361,22.098218],[88.129693,22.098737],[88.129821,22.09925],[88.130143,22.099295],[88.130421,22.099319],[88.13059,22.099588],[88.13067,22.099676],[88.130963,22.099569],[88.131189,22.099671],[88.131337,22.100049],[88.13143,22.100166],[88.131583,22.100249],[88.132277,22.100242],[88.132617,22.100278],[88.132771,22.10058],[88.132918,22.100799],[88.133283,22.100895],[88.134087,22.101164],[88.134407,22.101773],[88.134577,22.102066],[88.13484,22.102943],[88.134875,22.103799],[88.134951,22.104069],[88.135037,22.104147],[88.135306,22.104113],[88.135623,22.103966],[88.135706,22.103804],[88.135771,22.103447],[88.135947,22.103319],[88.13666,22.102932],[88.137195,22.102614],[88.137496,22.102432],[88.137775,22.102396],[88.138007,22.102752],[88.138259,22.102985],[88.138604,22.103136],[88.139269,22.103793],[88.140078,22.104763],[88.141143,22.105973],[88.141679,22.106592],[88.141706,22.106878],[88.141806,22.107498],[88.141839,22.107827],[88.141491,22.108074],[88.140721,22.10866],[88.140049,22.109125],[88.139297,22.109477],[88.138546,22.109809],[88.138346,22.109951],[88.138487,22.110105],[88.138645,22.110241],[88.138706,22.110469],[88.138723,22.110539],[88.138991,22.110584],[88.139168,22.11068],[88.139182,22.11086],[88.139505,22.110902],[88.139679,22.110935],[88.139988,22.11107],[88.140004,22.111324],[88.140068,22.111625],[88.140079,22.112003],[88.140296,22.112199],[88.140747,22.112667],[88.140824,22.113081],[88.140912,22.11349],[88.141038,22.113569],[88.14144,22.113905],[88.141565,22.114162],[88.141591,22.114354],[88.141853,22.114796],[88.141953,22.115133],[88.14213,22.115502],[88.142171,22.115745],[88.142486,22.115552],[88.14266,22.115466],[88.143019,22.115434],[88.143498,22.11542],[88.143873,22.1154],[88.144237,22.11537],[88.144668,22.115386],[88.145103,22.11538],[88.145555,22.115334],[88.146068,22.115174],[88.146509,22.114954],[88.146791,22.114746],[88.147168,22.114489],[88.147342,22.114396],[88.147461,22.1143],[88.147533,22.114193],[88.147516,22.1138],[88.147504,22.113502],[88.147509,22.113385],[88.147512,22.11332],[88.147575,22.113268],[88.147735,22.113272],[88.147927,22.113436],[88.148052,22.113511],[88.148149,22.113516],[88.148183,22.113455],[88.148207,22.113204],[88.148185,22.113024],[88.148241,22.112892],[88.148387,22.112688],[88.148467,22.112605],[88.148643,22.112575],[88.148859,22.112485],[88.149075,22.112475],[88.149167,22.112437],[88.149239,22.112321],[88.14922,22.11206],[88.149225,22.11185],[88.149254,22.111555],[88.149201,22.111411],[88.149189,22.111231],[88.149179,22.111044],[88.149244,22.1108],[88.149273,22.110674],[88.14927,22.110566],[88.149191,22.11047],[88.149217,22.110371],[88.149398,22.1103],[88.149916,22.110183],[88.150223,22.110086],[88.150455,22.109996],[88.150609,22.109988],[88.150736,22.109994],[88.150908,22.109937],[88.151014,22.109833],[88.151058,22.109651],[88.151066,22.109401],[88.151044,22.109291],[88.15098,22.10922],[88.151015,22.109095],[88.151082,22.108902],[88.151102,22.108747],[88.151068,22.108639],[88.150995,22.108591],[88.150802,22.108573],[88.150532,22.108642],[88.150163,22.108709],[88.149684,22.108825],[88.149418,22.108922],[88.149273,22.108955],[88.149165,22.108934],[88.149075,22.108654],[88.14898,22.108536],[88.148884,22.108433],[88.14886,22.108247],[88.148907,22.107984],[88.14881,22.107749],[88.148713,22.107604],[88.14869,22.107497],[88.148687,22.107427],[88.148705,22.107341],[88.148705,22.107295],[88.148635,22.10727],[88.148452,22.107218],[88.148303,22.107145],[88.148134,22.107039],[88.148017,22.106955],[88.147906,22.106826],[88.147784,22.106685],[88.147742,22.10659],[88.147742,22.106496],[88.147807,22.106465],[88.148015,22.106455],[88.14818,22.106407],[88.148376,22.106256],[88.14843,22.106167],[88.148433,22.105995],[88.148428,22.10585],[88.148473,22.105727],[88.148642,22.105642],[88.148812,22.105591],[88.148952,22.105586],[88.149172,22.105622],[88.149261,22.105637],[88.149482,22.105566],[88.149643,22.105497],[88.149828,22.105472],[88.149983,22.105438],[88.150039,22.105369],[88.150031,22.105128],[88.150008,22.105022],[88.149981,22.104939],[88.150075,22.104909],[88.15036,22.104843],[88.150479,22.104749],[88.150527,22.104688],[88.150578,22.104508],[88.150614,22.1044],[88.150745,22.104236],[88.150826,22.104099],[88.150826,22.10393],[88.150897,22.103775],[88.15101,22.1036],[88.151182,22.103359],[88.151479,22.103149],[88.151546,22.103058],[88.151596,22.102964],[88.151626,22.102813],[88.151679,22.102743],[88.151771,22.102681],[88.151779,22.102593],[88.151737,22.102459],[88.151687,22.102355],[88.151707,22.102258],[88.151738,22.102157],[88.151803,22.102051],[88.151952,22.101956],[88.152045,22.10184],[88.152068,22.101727],[88.15208,22.101607],[88.152163,22.101514],[88.152228,22.101425],[88.152228,22.101283],[88.152138,22.101032],[88.152142,22.100904],[88.152137,22.100594],[88.152112,22.100347],[88.152061,22.100009],[88.152015,22.099778],[88.151938,22.099591],[88.151819,22.099246],[88.151727,22.098908],[88.151653,22.098682],[88.151512,22.098216],[88.151363,22.097972],[88.151258,22.097817],[88.15103,22.097438],[88.150829,22.097186],[88.150605,22.097037],[88.150459,22.096941],[88.150332,22.096804],[88.150293,22.096648],[88.150329,22.096481],[88.150436,22.096378],[88.150317,22.09642],[88.150659,22.09592],[88.150891,22.095078],[88.150881,22.094747],[88.150465,22.094772],[88.150133,22.094771],[88.149639,22.094793],[88.149362,22.094894],[88.149423,22.094791],[88.14935,22.094685],[88.149199,22.094447],[88.149102,22.094345],[88.148974,22.094268],[88.148834,22.094271],[88.148758,22.094197],[88.148363,22.093965],[88.148146,22.093919],[88.148005,22.093938],[88.147897,22.093769],[88.147775,22.093705],[88.147602,22.09367],[88.147481,22.093558],[88.147378,22.093314],[88.147249,22.093166],[88.147178,22.093051],[88.147309,22.092954],[88.147106,22.092945],[88.146951,22.093032],[88.146701,22.093229],[88.14647,22.093481],[88.146273,22.09356],[88.145884,22.093822],[88.145456,22.093896],[88.145197,22.0938],[88.145166,22.093705],[88.145334,22.093479],[88.145788,22.093073],[88.146047,22.092952],[88.146431,22.092901],[88.14653,22.092703],[88.146555,22.092406],[88.146674,22.092287],[88.146922,22.092264],[88.147004,22.092463],[88.147165,22.092592],[88.147371,22.092633],[88.147561,22.092634],[88.147982,22.092579],[88.148019,22.092553],[88.147638,22.092231],[88.148021,22.091596],[88.148294,22.09153],[88.148645,22.091481],[88.14891,22.091384],[88.14914,22.091142],[88.149256,22.090757],[88.149269,22.090386],[88.149138,22.090136],[88.148787,22.089896],[88.148446,22.089805],[88.148253,22.089708],[88.148311,22.089607],[88.148708,22.089297],[88.148881,22.088984],[88.148852,22.088813],[88.148542,22.088818],[88.1475,22.089155],[88.145949,22.089298],[88.145271,22.089196],[88.144205,22.089089],[88.143159,22.089059],[88.142884,22.089152],[88.142748,22.089486],[88.142568,22.090038],[88.1424,22.090322],[88.142246,22.090421],[88.141832,22.090603],[88.141661,22.090719],[88.141183,22.090988],[88.141089,22.090975],[88.140955,22.090909],[88.140799,22.090831],[88.14063,22.090677],[88.140445,22.090295],[88.140219,22.089739],[88.139934,22.089348],[88.139312,22.088865],[88.138571,22.088574],[88.137953,22.088352],[88.137845,22.088379],[88.137601,22.088697],[88.137555,22.089003],[88.137531,22.089221],[88.137665,22.089398],[88.137812,22.089661],[88.137802,22.090035],[88.137736,22.090445],[88.137848,22.090642],[88.137978,22.09088],[88.13797,22.091028],[88.137783,22.091119],[88.137543,22.091223],[88.137276,22.091241],[88.13696,22.091237],[88.136785,22.091312],[88.136769,22.091533],[88.136805,22.09174],[88.136898,22.091982],[88.136863,22.092145],[88.136743,22.092198],[88.136526,22.092212],[88.136229,22.092194],[88.135579,22.092161],[88.134984,22.092221],[88.134428,22.092316],[88.133748,22.092455],[88.133497,22.092461],[88.133118,22.092632],[88.132377,22.092851],[88.131625,22.093001],[88.131317,22.092996],[88.130963,22.092978],[88.130448,22.093022],[88.129928,22.093227],[88.129301,22.093453],[88.129363,22.093674],[88.129431,22.093916],[88.129654,22.094066],[88.130343,22.094574],[88.130628,22.09503],[88.131083,22.096154],[88.131289,22.096682],[88.131193,22.096763],[88.130485,22.096879],[88.129825,22.096997],[88.130042,22.097475],[88.130193,22.097706],[88.130217,22.097839],[88.129874,22.097974],[88.129453,22.09808]]]}},{"type":"Feature","properties":{"ward_number":4,"area_km2":5.0616245793,"population_2011":10834,"population_density_2011":2140.42,"population_source":"Census of India 2011 \u00e2\u20ac\u201d Haldia (M) ward record","boundary_source":"Haldia Municipality \u00e2\u20ac\u201d Haldia Municipal Boundary 2012 KMZ","h_areas":["H07"]},"geometry":{"type":"Polygon","coordinates":[[[88.117197,22.091871],[88.117165,22.091994],[88.117279,22.092177],[88.117253,22.09237],[88.117346,22.092515],[88.117463,22.092678],[88.117462,22.092832],[88.117528,22.092974],[88.117656,22.093075],[88.11795,22.093176],[88.118044,22.093216],[88.118117,22.093317],[88.118258,22.093448],[88.118355,22.093615],[88.118327,22.093827],[88.118191,22.094112],[88.118054,22.094454],[88.117946,22.094736],[88.117793,22.095013],[88.117654,22.095221],[88.117571,22.09547],[88.117499,22.095708],[88.117447,22.095786],[88.117521,22.09588],[88.117683,22.096043],[88.117784,22.096092],[88.117978,22.096131],[88.11808,22.096216],[88.118227,22.096789],[88.118292,22.096975],[88.118376,22.097057],[88.118565,22.097119],[88.118856,22.097208],[88.11897,22.097324],[88.119149,22.097613],[88.119212,22.0978],[88.119262,22.097914],[88.119266,22.098029],[88.119377,22.098109],[88.119605,22.098092],[88.119767,22.098044],[88.119864,22.098051],[88.119922,22.098161],[88.119946,22.098265],[88.120065,22.09834],[88.120175,22.098414],[88.120215,22.098522],[88.120103,22.098739],[88.120014,22.099174],[88.119998,22.09976],[88.120027,22.100123],[88.120182,22.100526],[88.120264,22.100854],[88.120265,22.101189],[88.12024,22.101784],[88.120734,22.101835],[88.120981,22.101955],[88.121036,22.102676],[88.121001,22.103169],[88.121081,22.10345],[88.121899,22.103596],[88.122051,22.103715],[88.122075,22.103945],[88.122272,22.104123],[88.122706,22.104396],[88.12301,22.10455],[88.123293,22.104569],[88.123921,22.104476],[88.12437,22.104486],[88.124735,22.104508],[88.124897,22.104439],[88.124861,22.104265],[88.124577,22.104038],[88.124499,22.103851],[88.124696,22.103665],[88.12496,22.103574],[88.125297,22.103527],[88.125645,22.103523],[88.125898,22.103487],[88.126044,22.103391],[88.125957,22.103173],[88.126076,22.102983],[88.12629,22.1028],[88.12636,22.102699],[88.126342,22.102368],[88.126356,22.102067],[88.126493,22.101879],[88.126114,22.101523],[88.125889,22.101339],[88.125798,22.101146],[88.125704,22.100869],[88.125666,22.100633],[88.125667,22.100461],[88.125711,22.100374],[88.125911,22.100358],[88.126146,22.100444],[88.126273,22.100445],[88.126306,22.100144],[88.126417,22.10002],[88.126721,22.099871],[88.12699,22.099913],[88.127118,22.099853],[88.127111,22.099611],[88.126867,22.099197],[88.126483,22.098834],[88.126406,22.098616],[88.126549,22.09836],[88.127079,22.09811],[88.127571,22.097956],[88.127887,22.097802],[88.128443,22.097363],[88.129158,22.097142],[88.129825,22.096997],[88.130485,22.096879],[88.131193,22.096763],[88.131289,22.096682],[88.131083,22.096154],[88.130628,22.09503],[88.130343,22.094574],[88.129654,22.094066],[88.129431,22.093916],[88.129363,22.093674],[88.129301,22.093453],[88.129928,22.093227],[88.130448,22.093022],[88.130963,22.092978],[88.131317,22.092996],[88.131625,22.093001],[88.132377,22.092851],[88.133118,22.092632],[88.133497,22.092461],[88.133748,22.092455],[88.134428,22.092316],[88.134984,22.092221],[88.135579,22.092161],[88.136229,22.092194],[88.136526,22.092212],[88.136743,22.092198],[88.136863,22.092145],[88.136898,22.091982],[88.136805,22.09174],[88.136769,22.091533],[88.136785,22.091312],[88.13696,22.091237],[88.137276,22.091241],[88.137543,22.091223],[88.137783,22.091119],[88.13797,22.091028],[88.137978,22.09088],[88.137848,22.090642],[88.137736,22.090445],[88.137802,22.090035],[88.137812,22.089661],[88.137665,22.089398],[88.137531,22.089221],[88.137555,22.089003],[88.137601,22.088697],[88.137845,22.088379],[88.137953,22.088352],[88.138571,22.088574],[88.139312,22.088865],[88.139934,22.089348],[88.140219,22.089739],[88.140445,22.090295],[88.14063,22.090677],[88.140799,22.090831],[88.140955,22.090909],[88.141089,22.090975],[88.141183,22.090988],[88.141661,22.090719],[88.141832,22.090603],[88.142246,22.090421],[88.1424,22.090322],[88.142568,22.090038],[88.142748,22.089486],[88.142884,22.089152],[88.143159,22.089059],[88.144205,22.089089],[88.145271,22.089196],[88.145949,22.089298],[88.1475,22.089155],[88.148542,22.088818],[88.148852,22.088813],[88.149676,22.088415],[88.15028,22.088259],[88.150225,22.087828],[88.149891,22.08715],[88.149715,22.086517],[88.149399,22.085384],[88.149269,22.085152],[88.148994,22.084779],[88.148528,22.084122],[88.148163,22.083515],[88.14793,22.08281],[88.147717,22.081702],[88.147438,22.080468],[88.147384,22.080178],[88.14705,22.080192],[88.146612,22.080232],[88.145883,22.080491],[88.145498,22.080628],[88.144495,22.080792],[88.143561,22.080977],[88.142763,22.081048],[88.141619,22.080918],[88.140625,22.080685],[88.140084,22.080451],[88.138368,22.079692],[88.135745,22.079074],[88.133439,22.07859],[88.131348,22.077985],[88.130466,22.077794],[88.128742,22.077402],[88.127754,22.077211],[88.126413,22.076996],[88.125579,22.076822],[88.125515,22.077097],[88.125531,22.077202],[88.125677,22.077364],[88.125548,22.077811],[88.125568,22.078098],[88.125513,22.078518],[88.125612,22.078647],[88.125579,22.079134],[88.125705,22.079493],[88.125548,22.079602],[88.125361,22.079591],[88.125205,22.079596],[88.125196,22.079841],[88.125037,22.079963],[88.124916,22.080064],[88.124812,22.080362],[88.124705,22.080387],[88.124602,22.080283],[88.124392,22.0801],[88.124089,22.080061],[88.123643,22.079938],[88.123015,22.07987],[88.122747,22.080017],[88.122503,22.080128],[88.122508,22.080297],[88.122383,22.080424],[88.122257,22.08055],[88.122114,22.080675],[88.122043,22.080887],[88.12195,22.081122],[88.122045,22.081472],[88.122094,22.082181],[88.12225,22.083061],[88.122185,22.083431],[88.122006,22.083565],[88.121773,22.083613],[88.121678,22.083751],[88.121627,22.08394],[88.121506,22.084042],[88.121234,22.084112],[88.12105,22.084075],[88.120836,22.084113],[88.120709,22.084241],[88.120661,22.084417],[88.120507,22.084502],[88.120388,22.084591],[88.120192,22.085011],[88.120034,22.085121],[88.119678,22.085272],[88.119669,22.085323],[88.119629,22.085449],[88.11968,22.085652],[88.119777,22.085978],[88.119776,22.08666],[88.119847,22.087897],[88.119834,22.088447],[88.1197,22.088614],[88.119484,22.088665],[88.119156,22.088662],[88.118953,22.088636],[88.118703,22.088867],[88.118625,22.089107],[88.118513,22.089343],[88.118314,22.089581],[88.117948,22.089876],[88.11791,22.08999],[88.117926,22.090282],[88.117843,22.090548],[88.117687,22.090885],[88.117535,22.091239],[88.117314,22.091283],[88.117262,22.091466],[88.117197,22.091871]]]}},{"type":"Feature","properties":{"ward_number":5,"area_km2":5.1753249349,"population_2011":9253,"population_density_2011":1787.91,"population_source":"Census of India 2011 \u00e2\u20ac\u201d Haldia (M) ward record","boundary_source":"Haldia Municipality \u00e2\u20ac\u201d Haldia Municipal Boundary 2012 KMZ"},"geometry":{"type":"Polygon","coordinates":[[[88.145334,22.093479],[88.145166,22.093705],[88.145197,22.0938],[88.145456,22.093896],[88.145884,22.093822],[88.146273,22.09356],[88.14647,22.093481],[88.146701,22.093229],[88.146951,22.093032],[88.147106,22.092945],[88.147309,22.092954],[88.147178,22.093051],[88.147249,22.093166],[88.147378,22.093314],[88.147481,22.093558],[88.147602,22.09367],[88.147775,22.093705],[88.147897,22.093769],[88.148005,22.093938],[88.148146,22.093919],[88.148363,22.093965],[88.148758,22.094197],[88.148834,22.094271],[88.148974,22.094268],[88.149102,22.094345],[88.149199,22.094447],[88.14935,22.094685],[88.149423,22.094791],[88.149362,22.094894],[88.149639,22.094793],[88.150133,22.094771],[88.150465,22.094772],[88.150881,22.094747],[88.150891,22.095078],[88.150659,22.09592],[88.150317,22.09642],[88.150436,22.096378],[88.150329,22.096481],[88.150293,22.096648],[88.150332,22.096804],[88.150459,22.096941],[88.150605,22.097037],[88.150829,22.097186],[88.15103,22.097438],[88.151258,22.097817],[88.151363,22.097972],[88.151512,22.098216],[88.151422,22.097978],[88.151234,22.097602],[88.151072,22.097471],[88.151159,22.097333],[88.151642,22.097113],[88.15201,22.097045],[88.152402,22.096811],[88.152585,22.096653],[88.152813,22.096587],[88.152983,22.096438],[88.153202,22.096259],[88.15339,22.096216],[88.153604,22.096287],[88.153712,22.096317],[88.153936,22.096315],[88.154273,22.096257],[88.154622,22.096216],[88.154912,22.096159],[88.155195,22.096067],[88.155415,22.096028],[88.155591,22.096023],[88.155995,22.095926],[88.156157,22.09586],[88.156134,22.095778],[88.156039,22.095669],[88.155712,22.095516],[88.155503,22.095409],[88.155453,22.095316],[88.155459,22.095054],[88.155626,22.094923],[88.155819,22.094762],[88.156391,22.094421],[88.157104,22.094012],[88.157666,22.093759],[88.158541,22.093494],[88.158972,22.093374],[88.159665,22.093274],[88.159943,22.093201],[88.160323,22.09323],[88.160835,22.093302],[88.161648,22.093418],[88.162153,22.093691],[88.162507,22.093808],[88.162757,22.094055],[88.16291,22.094141],[88.163025,22.094166],[88.163209,22.094163],[88.163455,22.094037],[88.163472,22.093919],[88.163515,22.093756],[88.163679,22.093752],[88.163859,22.093822],[88.163947,22.093841],[88.164032,22.093813],[88.164216,22.093672],[88.164311,22.093638],[88.164548,22.093614],[88.164612,22.093545],[88.164646,22.093435],[88.164818,22.093427],[88.165056,22.093391],[88.165329,22.093292],[88.16553,22.093172],[88.165642,22.093015],[88.165822,22.092936],[88.165965,22.092905],[88.166057,22.093403],[88.166325,22.093749],[88.166906,22.094016],[88.167485,22.094221],[88.167639,22.094267],[88.167969,22.094597],[88.168199,22.095082],[88.168252,22.095421],[88.168392,22.095683],[88.168504,22.096017],[88.168701,22.096426],[88.168801,22.096583],[88.16903,22.096789],[88.169356,22.096975],[88.169472,22.097083],[88.169569,22.097115],[88.169746,22.097123],[88.169973,22.097231],[88.170108,22.097304],[88.170624,22.097173],[88.170668,22.097206],[88.17088,22.097414],[88.171125,22.097509],[88.171379,22.09759],[88.171743,22.097532],[88.172042,22.097427],[88.172239,22.097252],[88.172376,22.097236],[88.172451,22.097291],[88.1731,22.096879],[88.17341,22.096632],[88.173588,22.096266],[88.174099,22.09611],[88.174502,22.095951],[88.174911,22.0959],[88.175097,22.095683],[88.175778,22.095528],[88.176194,22.095443],[88.176655,22.095356],[88.177369,22.09515],[88.177846,22.094962],[88.178061,22.094961],[88.178224,22.095012],[88.178383,22.09533],[88.178783,22.095437],[88.1796,22.095676],[88.180343,22.09586],[88.18083,22.095807],[88.18027,22.094643],[88.180046,22.094058],[88.179316,22.093925],[88.179475,22.093335],[88.179552,22.092637],[88.179458,22.091626],[88.179324,22.091168],[88.179166,22.090834],[88.178781,22.090407],[88.178805,22.090092],[88.17854,22.089404],[88.178146,22.088458],[88.177176,22.086888],[88.176839,22.086558],[88.176301,22.086584],[88.175778,22.08649],[88.17494,22.086345],[88.174005,22.085992],[88.17267,22.084888],[88.172186,22.083987],[88.171832,22.083474],[88.171757,22.083427],[88.171506,22.083402],[88.171242,22.083464],[88.170956,22.083523],[88.170772,22.083475],[88.170613,22.083291],[88.17024,22.082703],[88.169129,22.081095],[88.168497,22.080272],[88.167987,22.079663],[88.16786,22.079498],[88.167652,22.079228],[88.167507,22.07893],[88.167524,22.07878],[88.167304,22.078555],[88.16697,22.078319],[88.166631,22.078173],[88.166249,22.078025],[88.165933,22.077741],[88.165567,22.077082],[88.165119,22.076317],[88.164698,22.075767],[88.164493,22.075567],[88.164266,22.075486],[88.163862,22.075401],[88.163448,22.075298],[88.163145,22.075157],[88.162706,22.074897],[88.162093,22.074568],[88.161846,22.07438],[88.161634,22.074331],[88.161211,22.074329],[88.160965,22.074304],[88.160697,22.074172],[88.160201,22.074109],[88.159825,22.074054],[88.159465,22.074118],[88.158873,22.074281],[88.158514,22.074356],[88.157777,22.074577],[88.156301,22.07522],[88.156324,22.075243],[88.15634,22.075558],[88.156338,22.075732],[88.156363,22.076004],[88.156951,22.076062],[88.157412,22.076238],[88.157911,22.076602],[88.157908,22.076725],[88.157702,22.076872],[88.157278,22.077134],[88.157232,22.077286],[88.157357,22.077416],[88.157511,22.077678],[88.156819,22.077971],[88.156446,22.078146],[88.15606,22.078471],[88.155915,22.078696],[88.155548,22.078731],[88.155235,22.078813],[88.15433,22.079138],[88.153574,22.079462],[88.153137,22.079586],[88.15276,22.079576],[88.152489,22.079497],[88.152182,22.079441],[88.151708,22.079492],[88.150916,22.079762],[88.150433,22.080014],[88.150233,22.080407],[88.150088,22.080798],[88.150059,22.081193],[88.150113,22.081394],[88.150179,22.081634],[88.150319,22.082024],[88.150393,22.082183],[88.150445,22.082353],[88.15052,22.082553],[88.150572,22.082713],[88.150638,22.082933],[88.150701,22.08313],[88.150795,22.083357],[88.150945,22.08363],[88.151031,22.083809],[88.151141,22.084058],[88.151316,22.084487],[88.151065,22.0846],[88.15092,22.08466],[88.150432,22.084981],[88.150098,22.085109],[88.149814,22.085319],[88.149399,22.085384],[88.149715,22.086517],[88.149891,22.08715],[88.150225,22.087828],[88.15028,22.088259],[88.149676,22.088415],[88.148852,22.088813],[88.148881,22.088984],[88.148708,22.089297],[88.148311,22.089607],[88.148253,22.089708],[88.148446,22.089805],[88.148787,22.089896],[88.149138,22.090136],[88.149269,22.090386],[88.149256,22.090757],[88.14914,22.091142],[88.14891,22.091384],[88.148645,22.091481],[88.148294,22.09153],[88.148021,22.091596],[88.147638,22.092231],[88.148019,22.092553],[88.147982,22.092579],[88.147561,22.092634],[88.147371,22.092633],[88.147165,22.092592],[88.147004,22.092463],[88.146922,22.092264],[88.146674,22.092287],[88.146555,22.092406],[88.14653,22.092703],[88.146431,22.092901],[88.146047,22.092952],[88.145788,22.093073],[88.145334,22.093479]]]}},{"type":"Feature","properties":{"ward_number":6,"area_km2":6.3545500182,"population_2011":6708,"population_density_2011":1055.62,"population_source":"Census of India 2011 \u00e2\u20ac\u201d Haldia (M) ward record","boundary_source":"Haldia Municipality \u00e2\u20ac\u201d Haldia Municipal Boundary 2012 KMZ"},"geometry":{"type":"Polygon","coordinates":[[[88.167213,22.129117],[88.1672,22.129182],[88.167353,22.129303],[88.167613,22.129552],[88.16765,22.12966],[88.167782,22.129775],[88.167924,22.129856],[88.168117,22.129982],[88.168358,22.130204],[88.168621,22.130513],[88.168852,22.130801],[88.169047,22.131044],[88.169139,22.131119],[88.169342,22.131226],[88.169609,22.131376],[88.169865,22.131458],[88.170114,22.131509],[88.170268,22.131554],[88.170421,22.131644],[88.170591,22.131843],[88.170884,22.132252],[88.171087,22.132646],[88.17129,22.133177],[88.171356,22.133432],[88.171351,22.1337],[88.171253,22.134074],[88.171116,22.134325],[88.170943,22.134595],[88.170867,22.134924],[88.170958,22.135416],[88.170997,22.135867],[88.171029,22.136195],[88.171013,22.136376],[88.170933,22.136487],[88.170764,22.136522],[88.170156,22.136625],[88.169671,22.136715],[88.16933,22.136841],[88.169244,22.1369],[88.169006,22.137036],[88.168932,22.137161],[88.168897,22.137568],[88.168929,22.13783],[88.168988,22.138002],[88.169237,22.138335],[88.169358,22.138504],[88.169487,22.138668],[88.169491,22.138938],[88.169453,22.139272],[88.169252,22.139953],[88.169148,22.14024],[88.169048,22.140346],[88.168939,22.140741],[88.168875,22.140909],[88.168759,22.14114],[88.168777,22.141422],[88.168846,22.141646],[88.168983,22.141882],[88.169293,22.142054],[88.169815,22.142364],[88.170196,22.142609],[88.17038,22.142883],[88.170466,22.143105],[88.170454,22.143333],[88.170387,22.143584],[88.170404,22.143791],[88.170412,22.143996],[88.170333,22.144336],[88.170196,22.144508],[88.169943,22.144823],[88.169589,22.145106],[88.169472,22.145262],[88.169453,22.145407],[88.169502,22.145497],[88.169637,22.145542],[88.169914,22.145567],[88.170529,22.14557],[88.171109,22.145516],[88.171504,22.145525],[88.171996,22.145606],[88.172394,22.145757],[88.172593,22.145925],[88.172715,22.146197],[88.172909,22.146332],[88.174231,22.144969],[88.175593,22.143075],[88.178271,22.138338],[88.182117,22.13219],[88.185236,22.127426],[88.187084,22.122085],[88.188401,22.117823],[88.18932,22.108179],[88.188608,22.104297],[88.186751,22.099155],[88.184415,22.09455],[88.183448,22.092114],[88.182823,22.091283],[88.182309,22.090575],[88.181463,22.089576],[88.1808,22.088653],[88.179936,22.087814],[88.17869,22.086554],[88.177763,22.085378],[88.177168,22.08464],[88.176601,22.084079],[88.17605,22.083583],[88.175535,22.082933],[88.174962,22.082204],[88.1745,22.081724],[88.174214,22.081278],[88.173432,22.080528],[88.172997,22.079963],[88.172822,22.079797],[88.172628,22.079523],[88.172295,22.079158],[88.171829,22.078777],[88.171329,22.078353],[88.170974,22.078011],[88.170475,22.077642],[88.17034,22.077757],[88.170179,22.077816],[88.169884,22.077928],[88.169621,22.078162],[88.169356,22.078255],[88.169052,22.078326],[88.168308,22.078547],[88.168129,22.078557],[88.167946,22.078768],[88.167882,22.079078],[88.16786,22.079498],[88.167987,22.079663],[88.168497,22.080272],[88.169129,22.081095],[88.17024,22.082703],[88.170613,22.083291],[88.170772,22.083475],[88.170956,22.083523],[88.171242,22.083464],[88.171506,22.083402],[88.171757,22.083427],[88.171832,22.083474],[88.172186,22.083987],[88.17267,22.084888],[88.174005,22.085992],[88.17494,22.086345],[88.175778,22.08649],[88.176301,22.086584],[88.176839,22.086558],[88.177176,22.086888],[88.178146,22.088458],[88.17854,22.089404],[88.178805,22.090092],[88.178781,22.090407],[88.179166,22.090834],[88.179324,22.091168],[88.179458,22.091626],[88.179552,22.092637],[88.179475,22.093335],[88.179316,22.093925],[88.180046,22.094058],[88.18027,22.094643],[88.18083,22.095807],[88.180992,22.09638],[88.181295,22.097011],[88.18147,22.097445],[88.181611,22.097803],[88.181907,22.098365],[88.18214,22.0989],[88.182373,22.099442],[88.182505,22.099702],[88.182747,22.100267],[88.183023,22.100913],[88.18317,22.10134],[88.183407,22.101787],[88.183606,22.102247],[88.183676,22.102631],[88.183669,22.102983],[88.18361,22.103313],[88.183394,22.103768],[88.183177,22.103954],[88.182851,22.104214],[88.182394,22.104404],[88.182148,22.104508],[88.18209,22.104605],[88.181962,22.104821],[88.181764,22.104948],[88.181468,22.105715],[88.18104,22.106647],[88.180595,22.107693],[88.180472,22.108104],[88.180235,22.108483],[88.17989,22.10876],[88.179946,22.108773],[88.179809,22.109012],[88.179493,22.109316],[88.179338,22.109588],[88.179202,22.109861],[88.178938,22.110119],[88.178598,22.11049],[88.17826,22.110737],[88.177869,22.110993],[88.177598,22.111288],[88.177471,22.111433],[88.177403,22.111708],[88.177298,22.112296],[88.177202,22.112602],[88.177094,22.112776],[88.17692,22.113131],[88.176647,22.113737],[88.176401,22.114398],[88.176179,22.114981],[88.176017,22.115495],[88.175712,22.116298],[88.175403,22.11704],[88.175257,22.117379],[88.175111,22.117842],[88.174984,22.118177],[88.174947,22.118232],[88.174898,22.118183],[88.174864,22.11827],[88.174833,22.118442],[88.174572,22.119295],[88.174498,22.119526],[88.174379,22.119964],[88.173956,22.121131],[88.173646,22.12208],[88.173531,22.122458],[88.173339,22.122724],[88.173225,22.123033],[88.173092,22.123358],[88.172932,22.123752],[88.172743,22.124263],[88.172347,22.125216],[88.172208,22.125567],[88.172047,22.126002],[88.171921,22.126266],[88.171834,22.126441],[88.171583,22.127063],[88.171412,22.127391],[88.171246,22.127928],[88.170975,22.128394],[88.170897,22.12857],[88.170964,22.128702],[88.171011,22.128761],[88.170989,22.128743],[88.170961,22.128727],[88.170867,22.128643],[88.170702,22.128481],[88.17035,22.128195],[88.170078,22.128044],[88.169908,22.127967],[88.169723,22.127898],[88.169522,22.127829],[88.169372,22.127823],[88.169216,22.127889],[88.169148,22.127905],[88.169052,22.127904],[88.168901,22.127864],[88.168836,22.128022],[88.168733,22.128083],[88.168583,22.128069],[88.168515,22.128122],[88.168468,22.12828],[88.168415,22.128533],[88.168351,22.128705],[88.168219,22.128765],[88.168063,22.128741],[88.16787,22.128688],[88.167736,22.128728],[88.167569,22.128881],[88.167412,22.128997],[88.167268,22.129032],[88.167213,22.129117]]]}},{"type":"Feature","properties":{"ward_number":7,"area_km2":2.8966721443,"population_2011":9095,"population_density_2011":3139.81,"population_source":"Census of India 2011 \u00e2\u20ac\u201d Haldia (M) ward record","boundary_source":"Haldia Municipality \u00e2\u20ac\u201d Haldia Municipal Boundary 2012 KMZ"},"geometry":{"type":"Polygon","coordinates":[[[88.140293,22.080003],[88.140084,22.080451],[88.140625,22.080685],[88.141619,22.080918],[88.142763,22.081048],[88.143561,22.080977],[88.144495,22.080792],[88.145498,22.080628],[88.145883,22.080491],[88.146612,22.080232],[88.14705,22.080192],[88.147384,22.080178],[88.147438,22.080468],[88.147717,22.081702],[88.14793,22.08281],[88.148163,22.083515],[88.148528,22.084122],[88.148994,22.084779],[88.149269,22.085152],[88.149399,22.085384],[88.149814,22.085319],[88.150098,22.085109],[88.150432,22.084981],[88.15092,22.08466],[88.151065,22.0846],[88.151316,22.084487],[88.151141,22.084058],[88.151031,22.083809],[88.150945,22.08363],[88.150795,22.083357],[88.150701,22.08313],[88.150638,22.082933],[88.150572,22.082713],[88.15052,22.082553],[88.150445,22.082353],[88.150393,22.082183],[88.150319,22.082024],[88.150256,22.081854],[88.150179,22.081634],[88.150113,22.081394],[88.150059,22.081193],[88.150088,22.080798],[88.150233,22.080407],[88.150433,22.080014],[88.150916,22.079762],[88.151708,22.079492],[88.152182,22.079441],[88.152489,22.079497],[88.15276,22.079576],[88.153137,22.079586],[88.153574,22.079462],[88.15433,22.079138],[88.155235,22.078813],[88.155548,22.078731],[88.155915,22.078696],[88.15606,22.078471],[88.156446,22.078146],[88.156819,22.077971],[88.157511,22.077678],[88.157357,22.077416],[88.157232,22.077286],[88.157278,22.077134],[88.157702,22.076872],[88.157908,22.076725],[88.157911,22.076602],[88.157412,22.076238],[88.156951,22.076062],[88.156363,22.076004],[88.156338,22.075732],[88.15634,22.075558],[88.156324,22.075243],[88.156301,22.07522],[88.157777,22.074577],[88.158514,22.074356],[88.158873,22.074281],[88.159465,22.074118],[88.159825,22.074054],[88.160201,22.074109],[88.160697,22.074172],[88.160965,22.074304],[88.161211,22.074329],[88.161634,22.074331],[88.161846,22.07438],[88.162093,22.074568],[88.162706,22.074897],[88.163145,22.075157],[88.163448,22.075298],[88.163862,22.075401],[88.164266,22.075486],[88.164493,22.075567],[88.164698,22.075767],[88.165119,22.076317],[88.165567,22.077082],[88.165933,22.077741],[88.166249,22.078025],[88.166631,22.078173],[88.16697,22.078319],[88.167304,22.078555],[88.167524,22.07878],[88.167507,22.07893],[88.167652,22.079228],[88.16786,22.079498],[88.167882,22.079078],[88.167946,22.078768],[88.168129,22.078557],[88.168308,22.078547],[88.169052,22.078326],[88.169356,22.078255],[88.169621,22.078162],[88.169884,22.077928],[88.170179,22.077816],[88.17034,22.077757],[88.170475,22.077642],[88.170254,22.077454],[88.169868,22.07696],[88.169338,22.0765],[88.168938,22.076038],[88.168772,22.075941],[88.168485,22.075691],[88.168089,22.075314],[88.167344,22.074677],[88.165593,22.073007],[88.163468,22.07155],[88.161827,22.070061],[88.160858,22.069271],[88.160033,22.068573],[88.158758,22.067616],[88.157697,22.066749],[88.156741,22.06586],[88.155701,22.065057],[88.154879,22.064407],[88.154013,22.063635],[88.153383,22.063119],[88.15283,22.063656],[88.152739,22.063727],[88.152586,22.063813],[88.152258,22.064179],[88.151636,22.064649],[88.151051,22.065017],[88.150583,22.065343],[88.150166,22.065838],[88.149862,22.066476],[88.149504,22.06726],[88.149112,22.067669],[88.148848,22.067899],[88.148476,22.067965],[88.14804,22.068173],[88.147456,22.068445],[88.147236,22.068592],[88.146681,22.068702],[88.146478,22.068858],[88.145648,22.069367],[88.145483,22.070027],[88.145423,22.071083],[88.145795,22.071909],[88.146241,22.073274],[88.145777,22.073794],[88.145379,22.07375],[88.145156,22.073813],[88.144853,22.073782],[88.14466,22.073703],[88.144443,22.073704],[88.144353,22.073778],[88.144285,22.074106],[88.144369,22.074295],[88.144298,22.074553],[88.144494,22.074904],[88.144442,22.075363],[88.144241,22.075533],[88.144011,22.075639],[88.143777,22.075685],[88.143611,22.075897],[88.143395,22.076017],[88.143123,22.076045],[88.142959,22.076065],[88.142738,22.076243],[88.142578,22.076341],[88.142316,22.076292],[88.142039,22.076115],[88.141795,22.07601],[88.141633,22.076069],[88.141128,22.076201],[88.140006,22.076291],[88.140373,22.076779],[88.140731,22.077514],[88.140861,22.078352],[88.140869,22.078722],[88.140696,22.079234],[88.140293,22.080003]]]}},{"type":"Feature","properties":{"ward_number":8,"area_km2":2.6483145544,"population_2011":5659,"population_density_2011":2136.83,"population_source":"Census of India 2011 \u00e2\u20ac\u201d Haldia (M) ward record","boundary_source":"Haldia Municipality \u00e2\u20ac\u201d Haldia Municipal Boundary 2012 KMZ"},"geometry":{"type":"Polygon","coordinates":[[[88.133505,22.059806],[88.133425,22.059883],[88.134625,22.060529],[88.135384,22.061066],[88.135531,22.06147],[88.135577,22.061762],[88.135642,22.062111],[88.135698,22.062592],[88.135764,22.062971],[88.135797,22.063307],[88.135896,22.064036],[88.136304,22.066797],[88.136805,22.069845],[88.136896,22.070398],[88.137073,22.071381],[88.137173,22.072418],[88.13739,22.073611],[88.137927,22.074262],[88.139221,22.075555],[88.140006,22.076291],[88.141128,22.076201],[88.141633,22.076069],[88.141795,22.07601],[88.142039,22.076115],[88.142316,22.076292],[88.142578,22.076341],[88.142738,22.076243],[88.142959,22.076065],[88.143123,22.076045],[88.143395,22.076017],[88.143611,22.075897],[88.143777,22.075685],[88.144011,22.075639],[88.144241,22.075533],[88.144442,22.075363],[88.144494,22.074904],[88.144298,22.074553],[88.144369,22.074295],[88.144285,22.074106],[88.144353,22.073778],[88.144443,22.073704],[88.14466,22.073703],[88.144853,22.073782],[88.145156,22.073813],[88.145379,22.07375],[88.145777,22.073794],[88.146241,22.073274],[88.145795,22.071909],[88.145423,22.071083],[88.145483,22.070027],[88.145648,22.069367],[88.146113,22.069048],[88.146681,22.068702],[88.147236,22.068592],[88.147456,22.068445],[88.14804,22.068173],[88.148476,22.067965],[88.148848,22.067899],[88.149112,22.067669],[88.149504,22.06726],[88.149862,22.066476],[88.150166,22.065838],[88.150583,22.065343],[88.151051,22.065017],[88.151636,22.064649],[88.152258,22.064179],[88.152586,22.063813],[88.152739,22.063727],[88.15283,22.063656],[88.153146,22.063327],[88.153383,22.063119],[88.15288,22.062693],[88.151711,22.061937],[88.151066,22.06154],[88.150272,22.061059],[88.149802,22.060811],[88.148785,22.060206],[88.147969,22.059771],[88.147182,22.059425],[88.146368,22.059035],[88.145279,22.058433],[88.142569,22.056952],[88.139351,22.055637],[88.134348,22.054527],[88.133923,22.05496],[88.134112,22.055103],[88.134207,22.055363],[88.134519,22.055917],[88.134695,22.056193],[88.134778,22.056654],[88.134734,22.057359],[88.134314,22.058569],[88.133505,22.059806]]]}},{"type":"Feature","properties":{"ward_number":9,"area_km2":1.6180849661,"population_2011":12315,"population_density_2011":7610.85,"population_source":"Census of India 2011 \u00e2\u20ac\u201d Haldia (M) ward record","boundary_source":"Haldia Municipality \u00e2\u20ac\u201d Haldia Municipal Boundary 2012 KMZ","h_areas":["H03"]},"geometry":{"type":"Polygon","coordinates":[[[88.125563,22.061684],[88.125482,22.061987],[88.125517,22.062226],[88.125729,22.062271],[88.126378,22.062151],[88.126977,22.062046],[88.127435,22.062084],[88.127798,22.062293],[88.128147,22.062628],[88.128556,22.063251],[88.128711,22.063647],[88.128904,22.06398],[88.128821,22.064291],[88.128499,22.064902],[88.128304,22.065219],[88.128528,22.065404],[88.128873,22.065533],[88.129075,22.065772],[88.129175,22.066076],[88.129231,22.066822],[88.129322,22.067527],[88.129409,22.068127],[88.129775,22.068939],[88.130167,22.069875],[88.130467,22.070456],[88.130746,22.070862],[88.130847,22.07131],[88.130952,22.071504],[88.131432,22.07142],[88.132014,22.071282],[88.132214,22.071311],[88.132783,22.071254],[88.137073,22.071381],[88.136896,22.070398],[88.136805,22.069845],[88.136304,22.066797],[88.135971,22.064568],[88.135896,22.064036],[88.135797,22.063307],[88.135764,22.062971],[88.135698,22.062592],[88.135642,22.062111],[88.135577,22.061762],[88.135531,22.06147],[88.135384,22.061066],[88.134625,22.060529],[88.133425,22.059883],[88.133505,22.059806],[88.134314,22.058569],[88.134734,22.057359],[88.134778,22.056654],[88.134695,22.056193],[88.134519,22.055917],[88.134207,22.055363],[88.134112,22.055103],[88.133923,22.05496],[88.133705,22.054667],[88.133449,22.054432],[88.133226,22.054026],[88.133121,22.053558],[88.132959,22.053168],[88.132701,22.052876],[88.132482,22.052564],[88.132012,22.052254],[88.130455,22.051496],[88.128927,22.050769],[88.128528,22.051071],[88.128183,22.051228],[88.127892,22.051537],[88.127652,22.0519],[88.127454,22.052035],[88.127276,22.052242],[88.127204,22.052343],[88.126864,22.05244],[88.126457,22.052581],[88.126306,22.052699],[88.126251,22.05289],[88.126513,22.05344],[88.126734,22.054132],[88.126801,22.054534],[88.126734,22.05491],[88.126483,22.055484],[88.12737,22.05698],[88.127587,22.057473],[88.127758,22.05793],[88.127988,22.058224],[88.12813,22.058491],[88.128299,22.058859],[88.128188,22.05911],[88.127438,22.059297],[88.126844,22.059514],[88.126419,22.059543],[88.126094,22.059622],[88.125704,22.059891],[88.125749,22.060074],[88.125918,22.060548],[88.12591,22.061059],[88.125762,22.061422],[88.125563,22.061684]]]}},{"type":"Feature","properties":{"ward_number":10,"area_km2":1.5612353861,"population_2011":8258,"population_density_2011":5289.4,"population_source":"Census of India 2011 \u00e2\u20ac\u201d Haldia (M) ward record","boundary_source":"Haldia Municipality \u00e2\u20ac\u201d Haldia Municipal Boundary 2012 KMZ","h_areas":["H06","H22","H27"]},"geometry":{"type":"Polygon","coordinates":[[[88.116137,22.075386],[88.116099,22.075584],[88.116297,22.075937],[88.116466,22.07615],[88.116648,22.076159],[88.116958,22.076254],[88.117292,22.076329],[88.117446,22.076441],[88.117551,22.076675],[88.117656,22.076841],[88.117908,22.077102],[88.118036,22.07738],[88.118227,22.077641],[88.118317,22.077834],[88.118463,22.07799],[88.118476,22.078159],[88.118646,22.078355],[88.118945,22.078688],[88.119109,22.079005],[88.119041,22.079409],[88.119183,22.07962],[88.1196,22.079837],[88.119839,22.079942],[88.120066,22.079883],[88.120409,22.079839],[88.120735,22.079778],[88.121018,22.079624],[88.12144,22.079576],[88.121651,22.079721],[88.12181,22.079712],[88.122027,22.079711],[88.122134,22.079887],[88.122261,22.080066],[88.122503,22.080128],[88.122747,22.080017],[88.123015,22.07987],[88.123643,22.079938],[88.124089,22.080061],[88.124392,22.0801],[88.124602,22.080283],[88.124705,22.080387],[88.124812,22.080362],[88.124916,22.080064],[88.125037,22.079963],[88.125196,22.079841],[88.125205,22.079596],[88.125361,22.079591],[88.125548,22.079602],[88.125705,22.079493],[88.125579,22.079134],[88.125612,22.078647],[88.125513,22.078518],[88.125568,22.078098],[88.125548,22.077811],[88.125677,22.077364],[88.125531,22.077202],[88.125515,22.077097],[88.125579,22.076822],[88.126413,22.076996],[88.127754,22.077211],[88.128742,22.077402],[88.130466,22.077794],[88.131348,22.077985],[88.133439,22.07859],[88.135745,22.079074],[88.138368,22.079692],[88.140084,22.080451],[88.140293,22.080003],[88.140696,22.079234],[88.140869,22.078722],[88.140861,22.078352],[88.140731,22.077514],[88.140373,22.076779],[88.140006,22.076291],[88.139221,22.075555],[88.137927,22.074262],[88.13739,22.073611],[88.137173,22.072418],[88.137073,22.071381],[88.132783,22.071254],[88.132214,22.071311],[88.132014,22.071282],[88.131432,22.07142],[88.130952,22.071504],[88.131033,22.071819],[88.131292,22.07253],[88.131578,22.073505],[88.131655,22.074286],[88.130738,22.074281],[88.129893,22.074368],[88.129495,22.074351],[88.129161,22.074284],[88.128749,22.074228],[88.128463,22.074256],[88.128237,22.074404],[88.127987,22.074699],[88.12777,22.074856],[88.127407,22.074987],[88.127124,22.074993],[88.126793,22.074926],[88.126527,22.074831],[88.126256,22.074644],[88.126147,22.074382],[88.126054,22.074085],[88.125939,22.073927],[88.125812,22.073648],[88.125647,22.073543],[88.125325,22.073195],[88.125113,22.072933],[88.124932,22.072863],[88.124773,22.072714],[88.124667,22.072421],[88.12451,22.072325],[88.124321,22.072238],[88.124186,22.072129],[88.123893,22.071991],[88.123815,22.071777],[88.123775,22.071576],[88.123708,22.071213],[88.123563,22.07117],[88.123341,22.071229],[88.123145,22.071314],[88.122964,22.071304],[88.122672,22.07142],[88.122337,22.071467],[88.121974,22.071581],[88.121548,22.071642],[88.121024,22.071614],[88.120607,22.071548],[88.119995,22.071561],[88.119797,22.071593],[88.119702,22.071746],[88.119641,22.072078],[88.119573,22.07219],[88.119426,22.072419],[88.119207,22.072524],[88.118994,22.072517],[88.118935,22.07257],[88.119113,22.072738],[88.119277,22.072992],[88.119267,22.073119],[88.119167,22.073241],[88.118915,22.07329],[88.118693,22.073274],[88.118379,22.073398],[88.118191,22.073561],[88.117968,22.07375],[88.117944,22.073838],[88.118056,22.074095],[88.118013,22.074241],[88.117926,22.074403],[88.117737,22.074567],[88.117524,22.074818],[88.1173,22.075076],[88.117098,22.075192],[88.116989,22.07517],[88.116908,22.075106],[88.1168,22.074894],[88.116702,22.074608],[88.116521,22.074469],[88.116318,22.074464],[88.116171,22.074558],[88.116119,22.074756],[88.116102,22.074993],[88.116166,22.075229],[88.116137,22.075386]]]}},{"type":"Feature","properties":{"ward_number":11,"area_km2":12.1227617557,"population_2011":7310,"population_density_2011":603.0,"population_source":"Census of India 2011 \u00e2\u20ac\u201d Haldia (M) ward record","boundary_source":"Haldia Municipality \u00e2\u20ac\u201d Haldia Municipal Boundary 2012 KMZ","h_areas":["H05","H10","H11","H12","H13","H14","H18","H25","H30"]},"geometry":{"type":"Polygon","coordinates":[[[88.086885,22.052723],[88.086818,22.052908],[88.086917,22.053339],[88.087116,22.053791],[88.08744,22.054348],[88.087808,22.054952],[88.088151,22.05562],[88.08818,22.055814],[88.088122,22.055977],[88.088111,22.056117],[88.088216,22.056326],[88.088209,22.056664],[88.088062,22.057276],[88.0881,22.057575],[88.088079,22.057794],[88.088165,22.057944],[88.088367,22.058063],[88.088643,22.05811],[88.089007,22.058069],[88.089117,22.057971],[88.089314,22.058026],[88.089526,22.058035],[88.089656,22.057965],[88.089965,22.058001],[88.090253,22.058034],[88.090582,22.058098],[88.090823,22.058153],[88.091067,22.0584],[88.09117,22.058484],[88.091287,22.058547],[88.091431,22.058551],[88.091738,22.058387],[88.091941,22.05837],[88.092089,22.058455],[88.092146,22.058553],[88.092156,22.058667],[88.092046,22.059293],[88.091944,22.059514],[88.091945,22.059915],[88.091886,22.060145],[88.091666,22.06041],[88.09169,22.060786],[88.09161,22.061079],[88.091555,22.061374],[88.091632,22.061827],[88.091928,22.061856],[88.092237,22.061879],[88.092363,22.062024],[88.092413,22.062154],[88.092504,22.062219],[88.092711,22.062167],[88.092935,22.06181],[88.093212,22.061642],[88.093515,22.061623],[88.093918,22.06151],[88.094083,22.061408],[88.094646,22.06118],[88.095065,22.060935],[88.095137,22.060805],[88.09521,22.060572],[88.095455,22.060481],[88.095532,22.06021],[88.095531,22.060029],[88.095674,22.059849],[88.095703,22.0595],[88.095938,22.059299],[88.096217,22.059201],[88.096363,22.059193],[88.096492,22.059138],[88.096548,22.059039],[88.09653,22.058692],[88.096541,22.058483],[88.096727,22.058423],[88.096937,22.058447],[88.097096,22.05864],[88.097038,22.059073],[88.097139,22.059169],[88.09744,22.059184],[88.097649,22.059229],[88.09794,22.059428],[88.098031,22.059606],[88.098085,22.06008],[88.098167,22.060233],[88.098379,22.060501],[88.098364,22.060777],[88.098391,22.060991],[88.098535,22.061169],[88.098737,22.061558],[88.098791,22.061799],[88.098911,22.061915],[88.099267,22.061984],[88.099531,22.062147],[88.099759,22.062181],[88.099955,22.062271],[88.100087,22.062422],[88.100216,22.06244],[88.100394,22.062225],[88.100618,22.062133],[88.100857,22.062227],[88.101043,22.062299],[88.10149,22.06232],[88.101941,22.062372],[88.102093,22.062376],[88.102284,22.062539],[88.102612,22.062518],[88.102935,22.062589],[88.103064,22.062969],[88.103398,22.063283],[88.103828,22.06355],[88.104343,22.063912],[88.104516,22.06402],[88.104773,22.064068],[88.105347,22.064109],[88.105764,22.064067],[88.10644,22.063957],[88.106743,22.063885],[88.10703,22.063923],[88.107155,22.063994],[88.107244,22.064172],[88.107139,22.064317],[88.107263,22.064761],[88.107281,22.064922],[88.107346,22.064979],[88.107635,22.06501],[88.107687,22.065088],[88.107535,22.065195],[88.107276,22.065319],[88.107111,22.065439],[88.10692,22.065589],[88.106746,22.066257],[88.106575,22.066979],[88.106544,22.067389],[88.106296,22.067762],[88.105446,22.068637],[88.105286,22.068775],[88.105032,22.068829],[88.104789,22.068813],[88.104585,22.068818],[88.104444,22.068895],[88.104408,22.069122],[88.104362,22.069263],[88.104262,22.069354],[88.104249,22.069432],[88.10408,22.069617],[88.103946,22.069847],[88.103877,22.070205],[88.103989,22.070443],[88.104052,22.070579],[88.104223,22.070714],[88.104424,22.070732],[88.104722,22.070876],[88.105638,22.071237],[88.106271,22.07156],[88.106954,22.071847],[88.107184,22.071949],[88.107351,22.071972],[88.107532,22.072108],[88.107805,22.0722],[88.108034,22.072303],[88.108648,22.072601],[88.109119,22.072754],[88.10998,22.073101],[88.111049,22.073612],[88.111996,22.074012],[88.1128,22.074337],[88.113653,22.07466],[88.114447,22.075013],[88.114936,22.075151],[88.115603,22.075297],[88.115789,22.07533],[88.116137,22.075386],[88.116166,22.075229],[88.116102,22.074993],[88.116119,22.074756],[88.116171,22.074558],[88.116318,22.074464],[88.116521,22.074469],[88.116702,22.074608],[88.1168,22.074894],[88.116908,22.075106],[88.116989,22.07517],[88.117098,22.075192],[88.1173,22.075076],[88.117524,22.074818],[88.117737,22.074567],[88.117926,22.074403],[88.118013,22.074241],[88.118056,22.074095],[88.117944,22.073838],[88.117968,22.07375],[88.118191,22.073561],[88.118379,22.073398],[88.118693,22.073274],[88.118915,22.07329],[88.119167,22.073241],[88.119267,22.073119],[88.119277,22.072992],[88.119113,22.072738],[88.118935,22.07257],[88.118994,22.072517],[88.119207,22.072524],[88.119426,22.072419],[88.119573,22.07219],[88.119641,22.072078],[88.119702,22.071746],[88.119797,22.071593],[88.119995,22.071561],[88.120607,22.071548],[88.121024,22.071614],[88.121548,22.071642],[88.121974,22.071581],[88.122337,22.071467],[88.122672,22.07142],[88.122964,22.071304],[88.123145,22.071314],[88.123341,22.071229],[88.123563,22.07117],[88.123708,22.071213],[88.123775,22.071576],[88.123815,22.071777],[88.123893,22.071991],[88.124186,22.072129],[88.124321,22.072238],[88.12451,22.072325],[88.124667,22.072421],[88.124773,22.072714],[88.124932,22.072863],[88.125113,22.072933],[88.125325,22.073195],[88.125647,22.073543],[88.125812,22.073648],[88.125939,22.073927],[88.126054,22.074085],[88.126147,22.074382],[88.126256,22.074644],[88.126527,22.074831],[88.126793,22.074926],[88.127124,22.074993],[88.127407,22.074987],[88.12777,22.074856],[88.127987,22.074699],[88.128237,22.074404],[88.128463,22.074256],[88.128749,22.074228],[88.129161,22.074284],[88.129495,22.074351],[88.129893,22.074368],[88.130738,22.074281],[88.131655,22.074286],[88.131578,22.073505],[88.131292,22.07253],[88.131033,22.071819],[88.130952,22.071504],[88.130847,22.07131],[88.130746,22.070862],[88.130467,22.070456],[88.130167,22.069875],[88.129775,22.068939],[88.129409,22.068127],[88.129322,22.067527],[88.129231,22.066822],[88.129175,22.066076],[88.129075,22.065772],[88.128873,22.065533],[88.128528,22.065404],[88.128304,22.065219],[88.128499,22.064902],[88.128821,22.064291],[88.128904,22.06398],[88.128711,22.063647],[88.128556,22.063251],[88.128147,22.062628],[88.127798,22.062293],[88.127435,22.062084],[88.126977,22.062046],[88.126378,22.062151],[88.125729,22.062271],[88.125517,22.062226],[88.125482,22.061987],[88.125563,22.061684],[88.125762,22.061422],[88.12591,22.061059],[88.125918,22.060548],[88.125749,22.060074],[88.125704,22.059891],[88.126094,22.059622],[88.126419,22.059543],[88.126844,22.059514],[88.127438,22.059297],[88.128188,22.05911],[88.128299,22.058859],[88.12813,22.058491],[88.127988,22.058224],[88.127758,22.05793],[88.127587,22.057473],[88.12737,22.05698],[88.126483,22.055484],[88.126734,22.05491],[88.126801,22.054534],[88.126734,22.054132],[88.126513,22.05344],[88.126251,22.05289],[88.126306,22.052699],[88.126457,22.052581],[88.126864,22.05244],[88.127204,22.052343],[88.127276,22.052242],[88.127454,22.052035],[88.127652,22.0519],[88.127892,22.051537],[88.128183,22.051228],[88.128528,22.051071],[88.128927,22.050769],[88.127406,22.049968],[88.124107,22.048262],[88.122473,22.047218],[88.120986,22.046217],[88.120358,22.045776],[88.118905,22.044821],[88.118098,22.044044],[88.117365,22.04358],[88.115819,22.042519],[88.114342,22.041661],[88.112918,22.040807],[88.112398,22.040424],[88.11182,22.039944],[88.11126,22.039505],[88.111011,22.039294],[88.110482,22.038978],[88.109625,22.038436],[88.108851,22.037908],[88.108487,22.037687],[88.108397,22.037639],[88.108328,22.037596],[88.108036,22.037401],[88.107765,22.037184],[88.107433,22.036955],[88.107021,22.036738],[88.106486,22.036442],[88.105973,22.036139],[88.105504,22.035887],[88.105181,22.035666],[88.104821,22.035446],[88.1044,22.035133],[88.103991,22.034908],[88.103537,22.034609],[88.103268,22.03442],[88.103037,22.034257],[88.102698,22.034036],[88.102249,22.033731],[88.102149,22.034047],[88.102103,22.034115],[88.102016,22.034101],[88.101848,22.034504],[88.101553,22.034697],[88.100972,22.034959],[88.100525,22.035094],[88.099903,22.035478],[88.09971,22.035608],[88.099648,22.035709],[88.100075,22.036069],[88.100144,22.0362],[88.099822,22.036355],[88.099062,22.036529],[88.098035,22.036923],[88.097268,22.037478],[88.096679,22.037966],[88.09651,22.038167],[88.096237,22.039026],[88.096183,22.040127],[88.096283,22.041081],[88.096343,22.041683],[88.096488,22.042236],[88.096106,22.042383],[88.094967,22.042463],[88.09481,22.042437],[88.094247,22.042402],[88.093939,22.042493],[88.093346,22.042462],[88.093056,22.042453],[88.092885,22.04238],[88.092384,22.04243],[88.090812,22.042578],[88.08975,22.042891],[88.088942,22.043011],[88.088508,22.043115],[88.088257,22.043273],[88.088171,22.043449],[88.088465,22.044146],[88.088229,22.04447],[88.08845,22.045526],[88.088538,22.046337],[88.088442,22.04656],[88.088453,22.046709],[88.088621,22.047266],[88.088713,22.047663],[88.088615,22.047809],[88.088737,22.048284],[88.088908,22.048927],[88.089039,22.049584],[88.089119,22.050035],[88.089174,22.050135],[88.089322,22.050235],[88.089297,22.050682],[88.089218,22.0508],[88.08916,22.051676],[88.088951,22.051983],[88.088125,22.052183],[88.087875,22.052352],[88.087377,22.052549],[88.086885,22.052723]]]}},{"type":"Feature","properties":{"ward_number":12,"area_km2":6.7077112803,"population_2011":6985,"population_density_2011":1041.34,"population_source":"Census of India 2011 \u00e2\u20ac\u201d Haldia (M) ward record","boundary_source":"Haldia Municipality \u00e2\u20ac\u201d Haldia Municipal Boundary 2012 KMZ"},"geometry":{"type":"Polygon","coordinates":[[[88.084703,22.081109],[88.084689,22.081539],[88.084939,22.081871],[88.085268,22.082453],[88.085544,22.083033],[88.085776,22.083391],[88.085836,22.084003],[88.085817,22.084423],[88.085855,22.085219],[88.085622,22.086145],[88.085467,22.086717],[88.085491,22.086839],[88.085511,22.087096],[88.085493,22.0873],[88.085506,22.087395],[88.085567,22.087584],[88.085705,22.087632],[88.085853,22.087643],[88.086021,22.087654],[88.086192,22.087611],[88.086255,22.08759],[88.086351,22.087574],[88.086418,22.087575],[88.086515,22.087544],[88.086565,22.087459],[88.086736,22.087405],[88.086943,22.087363],[88.087149,22.087365],[88.087248,22.087361],[88.087366,22.087346],[88.087505,22.087344],[88.087602,22.087332],[88.087785,22.087287],[88.087891,22.087297],[88.087972,22.087301],[88.088069,22.087312],[88.08815,22.087309],[88.08827,22.087288],[88.088399,22.087298],[88.088602,22.087304],[88.08884,22.087391],[88.089061,22.087442],[88.089333,22.087392],[88.089509,22.08737],[88.089702,22.087339],[88.08991,22.087307],[88.090006,22.087295],[88.090128,22.087313],[88.090283,22.087336],[88.090436,22.087329],[88.090688,22.087371],[88.090956,22.087412],[88.091032,22.087471],[88.091169,22.087496],[88.091313,22.087536],[88.091444,22.087603],[88.091548,22.087658],[88.091617,22.087695],[88.091758,22.0877],[88.091854,22.087685],[88.091928,22.087639],[88.092076,22.087574],[88.092217,22.087516],[88.092353,22.087485],[88.092445,22.087497],[88.092546,22.08751],[88.092619,22.087527],[88.092716,22.087561],[88.092823,22.087596],[88.092967,22.087629],[88.093074,22.087664],[88.093186,22.087665],[88.093274,22.087635],[88.093372,22.087606],[88.093527,22.087571],[88.09365,22.087552],[88.093851,22.087516],[88.094088,22.087485],[88.094381,22.08744],[88.094501,22.08738],[88.094694,22.087378],[88.094829,22.087396],[88.094982,22.087417],[88.095034,22.087368],[88.095169,22.087323],[88.095449,22.087264],[88.095646,22.087255],[88.095774,22.087238],[88.095909,22.087235],[88.096137,22.08726],[88.096272,22.087244],[88.096434,22.087218],[88.096603,22.087187],[88.096745,22.087152],[88.096978,22.087123],[88.09718,22.087112],[88.097418,22.087087],[88.097654,22.08707],[88.097981,22.087067],[88.098188,22.087096],[88.098388,22.087161],[88.098485,22.087198],[88.0986,22.087215],[88.098617,22.087401],[88.09867,22.087482],[88.098783,22.087515],[88.09915,22.087539],[88.099448,22.087557],[88.099708,22.087575],[88.099959,22.087615],[88.100136,22.087633],[88.100261,22.087653],[88.100431,22.087642],[88.100554,22.087619],[88.100789,22.087594],[88.100941,22.087568],[88.101155,22.087585],[88.101332,22.087605],[88.101462,22.087635],[88.101529,22.087621],[88.101548,22.087552],[88.10159,22.087436],[88.101564,22.087297],[88.101487,22.087153],[88.101458,22.086943],[88.101391,22.0868],[88.101345,22.086659],[88.10122,22.08646],[88.101097,22.086331],[88.101018,22.086314],[88.100921,22.086246],[88.100812,22.086183],[88.100606,22.085895],[88.100536,22.085723],[88.100423,22.085595],[88.100277,22.085435],[88.100126,22.085331],[88.100018,22.085183],[88.099918,22.085007],[88.099805,22.084802],[88.099709,22.08457],[88.099489,22.084203],[88.099499,22.084127],[88.099547,22.084063],[88.099736,22.083974],[88.100103,22.083895],[88.1006,22.083797],[88.100963,22.08364],[88.101324,22.083475],[88.101628,22.083233],[88.101959,22.082897],[88.102186,22.082631],[88.102617,22.082147],[88.102653,22.082011],[88.102694,22.081947],[88.102748,22.081912],[88.102877,22.081844],[88.103088,22.081689],[88.103206,22.081657],[88.103415,22.08167],[88.103535,22.081587],[88.103605,22.081414],[88.103648,22.081181],[88.103669,22.081016],[88.103707,22.08086],[88.103754,22.080551],[88.10374,22.080262],[88.103745,22.080074],[88.103727,22.080015],[88.103697,22.079969],[88.103695,22.079878],[88.103641,22.079808],[88.103533,22.079668],[88.103448,22.079559],[88.103427,22.079465],[88.103417,22.079359],[88.103323,22.079144],[88.103207,22.078884],[88.103153,22.078604],[88.103161,22.078396],[88.103143,22.078226],[88.10311,22.078145],[88.103096,22.078066],[88.103155,22.077947],[88.103275,22.077858],[88.103438,22.077795],[88.103598,22.077753],[88.103714,22.07774],[88.103836,22.077749],[88.103924,22.077788],[88.104017,22.077849],[88.10415,22.077957],[88.104197,22.078069],[88.104257,22.078209],[88.104277,22.07831],[88.104328,22.078456],[88.104402,22.078571],[88.104403,22.078676],[88.104404,22.078774],[88.104387,22.07887],[88.104364,22.079],[88.104344,22.079116],[88.104383,22.079164],[88.104451,22.079207],[88.104501,22.079242],[88.104636,22.079287],[88.104737,22.079307],[88.104806,22.07935],[88.104806,22.079399],[88.104815,22.079512],[88.104822,22.079576],[88.104881,22.079619],[88.104994,22.079731],[88.105034,22.079771],[88.105132,22.079805],[88.105218,22.079858],[88.105304,22.079904],[88.105409,22.079953],[88.105511,22.080022],[88.10558,22.080059],[88.10567,22.080084],[88.105735,22.080092],[88.105863,22.08006],[88.105946,22.080022],[88.106007,22.079995],[88.106106,22.079972],[88.10619,22.079976],[88.106266,22.079972],[88.106376,22.079993],[88.106483,22.080028],[88.10658,22.080069],[88.10665,22.080154],[88.106749,22.080237],[88.106812,22.080308],[88.106915,22.080419],[88.106932,22.080485],[88.106993,22.080562],[88.107086,22.080623],[88.107222,22.080655],[88.107305,22.080665],[88.10739,22.080669],[88.107549,22.080676],[88.107624,22.080679],[88.107706,22.080689],[88.107815,22.080717],[88.107873,22.080815],[88.107863,22.08087],[88.107776,22.081208],[88.107745,22.081274],[88.107727,22.081377],[88.107711,22.081466],[88.107687,22.081602],[88.107716,22.081655],[88.107729,22.08174],[88.10778,22.08188],[88.107778,22.081942],[88.107769,22.08199],[88.107679,22.082076],[88.107639,22.082141],[88.107579,22.08221],[88.107552,22.082312],[88.107538,22.082443],[88.107519,22.082552],[88.107548,22.082654],[88.107544,22.082779],[88.107529,22.082861],[88.107523,22.08297],[88.107542,22.083022],[88.107563,22.083066],[88.107559,22.083143],[88.107535,22.083273],[88.107486,22.083546],[88.107464,22.083669],[88.107474,22.083719],[88.107495,22.083813],[88.107506,22.083905],[88.10753,22.084034],[88.10751,22.0842],[88.107489,22.08426],[88.10744,22.084324],[88.107432,22.084421],[88.107445,22.08466],[88.107441,22.084786],[88.107462,22.084879],[88.107548,22.084925],[88.107638,22.085],[88.10774,22.085062],[88.107786,22.085123],[88.107815,22.085274],[88.107851,22.08544],[88.10785,22.0856],[88.107802,22.085706],[88.107743,22.085769],[88.107779,22.085905],[88.107774,22.085981],[88.107855,22.086055],[88.107865,22.086154],[88.107887,22.086241],[88.107928,22.08633],[88.107945,22.086388],[88.107994,22.086429],[88.108068,22.086439],[88.108162,22.086443],[88.108264,22.086456],[88.108343,22.086487],[88.108395,22.086564],[88.108467,22.086685],[88.10851,22.086865],[88.108516,22.087034],[88.10851,22.087174],[88.108439,22.087298],[88.108351,22.087364],[88.108221,22.087453],[88.10814,22.087534],[88.108114,22.087622],[88.108083,22.087786],[88.108101,22.087894],[88.108146,22.087955],[88.108204,22.088054],[88.108181,22.088275],[88.108158,22.088399],[88.108171,22.088527],[88.108212,22.088665],[88.108259,22.088769],[88.108352,22.088928],[88.108357,22.088999],[88.108404,22.089109],[88.108395,22.089207],[88.108316,22.089323],[88.108188,22.089448],[88.108118,22.089517],[88.108042,22.089564],[88.107988,22.089599],[88.107907,22.089624],[88.107897,22.089722],[88.107896,22.089876],[88.107886,22.089931],[88.107835,22.089995],[88.107648,22.090071],[88.107516,22.090161],[88.107425,22.090284],[88.107345,22.090782],[88.107174,22.090867],[88.107079,22.091004],[88.107047,22.091212],[88.107204,22.091485],[88.107402,22.091792],[88.107524,22.091997],[88.107679,22.091995],[88.107983,22.091868],[88.10815,22.091895],[88.108274,22.092044],[88.108454,22.09215],[88.108597,22.092153],[88.108815,22.092066],[88.109062,22.091969],[88.109272,22.091966],[88.109341,22.092003],[88.109495,22.091993],[88.109585,22.091969],[88.109766,22.091914],[88.110048,22.091878],[88.110403,22.091851],[88.110821,22.091881],[88.111265,22.091872],[88.111809,22.091876],[88.112336,22.091906],[88.112663,22.091911],[88.112948,22.091834],[88.113137,22.091773],[88.11348,22.091634],[88.113729,22.091545],[88.113907,22.091441],[88.114142,22.091225],[88.114273,22.091123],[88.11447,22.091112],[88.114625,22.09123],[88.114754,22.091288],[88.11494,22.091283],[88.115115,22.091291],[88.115348,22.091335],[88.11558,22.091434],[88.115771,22.091458],[88.115901,22.091454],[88.116018,22.091419],[88.116099,22.091184],[88.116172,22.090885],[88.11625,22.090811],[88.116318,22.090742],[88.116408,22.090656],[88.116541,22.090637],[88.116663,22.090625],[88.11685,22.090663],[88.117034,22.090868],[88.117232,22.091126],[88.117314,22.091283],[88.117535,22.091239],[88.117687,22.090885],[88.117843,22.090548],[88.117926,22.090282],[88.11791,22.08999],[88.117948,22.089876],[88.118314,22.089581],[88.118513,22.089343],[88.118625,22.089107],[88.118703,22.088867],[88.118953,22.088636],[88.119156,22.088662],[88.119484,22.088665],[88.1197,22.088614],[88.119834,22.088447],[88.119847,22.087897],[88.119776,22.08666],[88.119777,22.085978],[88.11968,22.085652],[88.119629,22.085449],[88.119669,22.085323],[88.119678,22.085272],[88.120034,22.085121],[88.120192,22.085011],[88.120388,22.084591],[88.120507,22.084502],[88.120661,22.084417],[88.120709,22.084241],[88.120836,22.084113],[88.12105,22.084075],[88.121234,22.084112],[88.121506,22.084042],[88.121627,22.08394],[88.121678,22.083751],[88.121773,22.083613],[88.122006,22.083565],[88.122185,22.083431],[88.12225,22.083061],[88.122094,22.082181],[88.122045,22.081472],[88.12195,22.081122],[88.122043,22.080887],[88.122114,22.080675],[88.122257,22.08055],[88.122383,22.080424],[88.122508,22.080297],[88.122503,22.080128],[88.122261,22.080066],[88.122134,22.079887],[88.122027,22.079711],[88.12181,22.079712],[88.121651,22.079721],[88.12144,22.079576],[88.121018,22.079624],[88.120735,22.079778],[88.120409,22.079839],[88.120066,22.079883],[88.119839,22.079942],[88.1196,22.079837],[88.119183,22.07962],[88.119041,22.079409],[88.119109,22.079005],[88.118945,22.078688],[88.118646,22.078355],[88.118476,22.078159],[88.118463,22.07799],[88.118317,22.077834],[88.118227,22.077641],[88.118036,22.07738],[88.117908,22.077102],[88.117656,22.076841],[88.117551,22.076675],[88.117446,22.076441],[88.117292,22.076329],[88.116958,22.076254],[88.116648,22.076159],[88.116466,22.07615],[88.116297,22.075937],[88.116099,22.075584],[88.116137,22.075386],[88.115789,22.07533],[88.115603,22.075297],[88.114936,22.075151],[88.114447,22.075013],[88.113653,22.07466],[88.1128,22.074337],[88.111996,22.074012],[88.111049,22.073612],[88.10998,22.073101],[88.109119,22.072754],[88.108648,22.072601],[88.108034,22.072303],[88.107805,22.0722],[88.107532,22.072108],[88.107351,22.071972],[88.107184,22.071949],[88.106954,22.071847],[88.106271,22.07156],[88.105638,22.071237],[88.104722,22.070876],[88.104424,22.070732],[88.104223,22.070714],[88.104052,22.070579],[88.103989,22.070443],[88.103877,22.070205],[88.103946,22.069847],[88.10408,22.069617],[88.104249,22.069432],[88.104262,22.069354],[88.104362,22.069263],[88.104408,22.069122],[88.104444,22.068895],[88.104585,22.068818],[88.104789,22.068813],[88.105032,22.068829],[88.105286,22.068775],[88.105446,22.068637],[88.106296,22.067762],[88.106544,22.067389],[88.106575,22.066979],[88.106746,22.066257],[88.10692,22.065589],[88.107111,22.065439],[88.107276,22.065319],[88.107535,22.065195],[88.107687,22.065088],[88.107635,22.06501],[88.107346,22.064979],[88.107281,22.064922],[88.107263,22.064761],[88.107139,22.064317],[88.107244,22.064172],[88.107155,22.063994],[88.10703,22.063923],[88.106743,22.063885],[88.10644,22.063957],[88.105764,22.064067],[88.105347,22.064109],[88.104773,22.064068],[88.104516,22.06402],[88.104343,22.063912],[88.103828,22.06355],[88.103398,22.063283],[88.103064,22.062969],[88.102935,22.062589],[88.102612,22.062518],[88.102284,22.062539],[88.102093,22.062376],[88.101941,22.062372],[88.10149,22.06232],[88.101043,22.062299],[88.100857,22.062227],[88.100618,22.062133],[88.100394,22.062225],[88.100216,22.06244],[88.100087,22.062422],[88.099955,22.062271],[88.099759,22.062181],[88.099531,22.062147],[88.099267,22.061984],[88.098911,22.061915],[88.098791,22.061799],[88.098737,22.061558],[88.098535,22.061169],[88.098391,22.060991],[88.098364,22.060777],[88.098379,22.060501],[88.098167,22.060233],[88.098085,22.06008],[88.098031,22.059606],[88.09794,22.059428],[88.097649,22.059229],[88.09744,22.059184],[88.097139,22.059169],[88.097038,22.059073],[88.097096,22.05864],[88.096937,22.058447],[88.096727,22.058423],[88.096541,22.058483],[88.09653,22.058692],[88.096548,22.059039],[88.096492,22.059138],[88.096363,22.059193],[88.096217,22.059201],[88.095938,22.059299],[88.095703,22.0595],[88.095674,22.059849],[88.095531,22.060029],[88.095532,22.06021],[88.095455,22.060481],[88.09521,22.060572],[88.095137,22.060805],[88.095065,22.060935],[88.094646,22.06118],[88.094083,22.061408],[88.093918,22.06151],[88.093515,22.061623],[88.093212,22.061642],[88.092935,22.06181],[88.092711,22.062167],[88.092504,22.062219],[88.092413,22.062154],[88.092363,22.062024],[88.092237,22.061879],[88.091928,22.061856],[88.091632,22.061827],[88.091446,22.06183],[88.091328,22.061884],[88.091273,22.062081],[88.091294,22.062324],[88.091362,22.062704],[88.091312,22.062848],[88.091104,22.06291],[88.091024,22.063005],[88.091084,22.063212],[88.091287,22.063346],[88.091318,22.063548],[88.091469,22.064032],[88.091539,22.064256],[88.091409,22.064426],[88.091393,22.064576],[88.091576,22.064785],[88.091654,22.064959],[88.092004,22.065281],[88.092158,22.065528],[88.092135,22.065757],[88.092232,22.065892],[88.092458,22.065964],[88.092539,22.066058],[88.092965,22.066582],[88.093424,22.066773],[88.093634,22.066977],[88.093641,22.06716],[88.093534,22.067263],[88.093353,22.067414],[88.093235,22.06767],[88.093205,22.068053],[88.09318,22.068494],[88.093285,22.06874],[88.093528,22.069013],[88.093924,22.069337],[88.094119,22.069413],[88.094515,22.069566],[88.094911,22.069835],[88.095176,22.070091],[88.095233,22.070476],[88.095195,22.070935],[88.095118,22.071068],[88.094932,22.071197],[88.094687,22.071354],[88.094458,22.071423],[88.094005,22.071524],[88.093659,22.071676],[88.09336,22.071664],[88.093189,22.071712],[88.092861,22.07179],[88.092737,22.071946],[88.092468,22.072015],[88.092318,22.072203],[88.092141,22.072689],[88.092181,22.072916],[88.091991,22.073149],[88.091832,22.073505],[88.091686,22.074066],[88.091671,22.074475],[88.09162,22.075035],[88.09175,22.075378],[88.092044,22.075724],[88.092136,22.076028],[88.091993,22.076369],[88.092048,22.076669],[88.092071,22.076801],[88.091995,22.076972],[88.09165,22.077431],[88.091386,22.077527],[88.091183,22.077457],[88.09106,22.077633],[88.090913,22.077774],[88.090514,22.077934],[88.090257,22.077894],[88.089976,22.078113],[88.08977,22.078321],[88.089434,22.078609],[88.089305,22.078786],[88.089393,22.078981],[88.089347,22.079192],[88.089187,22.079316],[88.08922,22.07961],[88.089101,22.079971],[88.088846,22.080198],[88.088516,22.080396],[88.088117,22.080449],[88.087922,22.080693],[88.08762,22.080787],[88.087176,22.080776],[88.086396,22.080566],[88.085871,22.080389],[88.085469,22.080268],[88.085273,22.080419],[88.084824,22.080761],[88.084703,22.081109]]]}},{"type":"Feature","properties":{"ward_number":13,"area_km2":3.3317011292,"population_2011":6143,"population_density_2011":1843.8,"population_source":"Census of India 2011 \u00e2\u20ac\u201d Haldia (M) ward record","boundary_source":"Haldia Municipality \u00e2\u20ac\u201d Haldia Municipal Boundary 2012 KMZ"},"geometry":{"type":"Polygon","coordinates":[[[88.072696,22.059314],[88.072574,22.060151],[88.072709,22.060375],[88.073003,22.060617],[88.073415,22.060731],[88.07409,22.060816],[88.074611,22.060827],[88.075134,22.060837],[88.075576,22.060883],[88.075976,22.060926],[88.076394,22.061982],[88.076425,22.062873],[88.07685,22.063067],[88.076771,22.064028],[88.076615,22.06479],[88.076314,22.065609],[88.07589,22.06616],[88.075299,22.066825],[88.075172,22.067025],[88.075092,22.067401],[88.075138,22.06805],[88.075344,22.068839],[88.075609,22.069748],[88.076074,22.070436],[88.07658,22.071412],[88.077274,22.072289],[88.077495,22.072749],[88.07837,22.072803],[88.078954,22.072847],[88.079967,22.072706],[88.080745,22.07236],[88.081024,22.072255],[88.081232,22.072343],[88.081575,22.07235],[88.081884,22.072271],[88.08225,22.072462],[88.082435,22.072716],[88.082373,22.07316],[88.082395,22.073786],[88.082517,22.07403],[88.082879,22.074117],[88.083058,22.074391],[88.083137,22.074707],[88.08334,22.074815],[88.083682,22.074818],[88.084131,22.074937],[88.084177,22.07526],[88.084449,22.075625],[88.084761,22.076182],[88.084835,22.077128],[88.085104,22.078301],[88.085083,22.079636],[88.085401,22.079668],[88.085462,22.079969],[88.085437,22.080134],[88.085469,22.080268],[88.085871,22.080389],[88.086396,22.080566],[88.087176,22.080776],[88.08762,22.080787],[88.087922,22.080693],[88.088117,22.080449],[88.088516,22.080396],[88.088846,22.080198],[88.089101,22.079971],[88.08922,22.07961],[88.089187,22.079316],[88.089347,22.079192],[88.089393,22.078981],[88.089305,22.078786],[88.089434,22.078609],[88.08977,22.078321],[88.089976,22.078113],[88.090257,22.077894],[88.090514,22.077934],[88.090913,22.077774],[88.09106,22.077633],[88.091183,22.077457],[88.091386,22.077527],[88.09165,22.077431],[88.091995,22.076972],[88.092071,22.076801],[88.092048,22.076669],[88.091993,22.076369],[88.092136,22.076028],[88.092044,22.075724],[88.09175,22.075378],[88.09162,22.075035],[88.091671,22.074475],[88.091686,22.074066],[88.091832,22.073505],[88.091991,22.073149],[88.092181,22.072916],[88.092141,22.072689],[88.092318,22.072203],[88.092468,22.072015],[88.092737,22.071946],[88.092861,22.07179],[88.093189,22.071712],[88.09336,22.071664],[88.093659,22.071676],[88.094005,22.071524],[88.094458,22.071423],[88.094687,22.071354],[88.094932,22.071197],[88.095118,22.071068],[88.095195,22.070935],[88.095233,22.070476],[88.095176,22.070091],[88.094911,22.069835],[88.094515,22.069566],[88.094119,22.069413],[88.093924,22.069337],[88.093528,22.069013],[88.093285,22.06874],[88.09318,22.068494],[88.093205,22.068053],[88.093235,22.06767],[88.093353,22.067414],[88.093534,22.067263],[88.093641,22.06716],[88.093634,22.066977],[88.093424,22.066773],[88.092965,22.066582],[88.092539,22.066058],[88.092458,22.065964],[88.092232,22.065892],[88.092135,22.065757],[88.092158,22.065528],[88.092004,22.065281],[88.091654,22.064959],[88.091576,22.064785],[88.091393,22.064576],[88.091409,22.064426],[88.091539,22.064256],[88.091469,22.064032],[88.091318,22.063548],[88.091287,22.063346],[88.091084,22.063212],[88.091024,22.063005],[88.091104,22.06291],[88.091312,22.062848],[88.091362,22.062704],[88.091294,22.062324],[88.091273,22.062081],[88.091328,22.061884],[88.091446,22.06183],[88.091632,22.061827],[88.091555,22.061374],[88.09161,22.061079],[88.09169,22.060786],[88.091666,22.06041],[88.091886,22.060145],[88.091945,22.059915],[88.091944,22.059514],[88.092046,22.059293],[88.092156,22.058667],[88.092146,22.058553],[88.092089,22.058455],[88.091941,22.05837],[88.091738,22.058387],[88.091431,22.058551],[88.091287,22.058547],[88.09117,22.058484],[88.091067,22.0584],[88.090823,22.058153],[88.090582,22.058098],[88.090253,22.058034],[88.089965,22.058001],[88.089656,22.057965],[88.089526,22.058035],[88.089314,22.058026],[88.089117,22.057971],[88.089007,22.058069],[88.088643,22.05811],[88.088367,22.058063],[88.088165,22.057944],[88.088079,22.057794],[88.087836,22.057855],[88.087724,22.058075],[88.087517,22.058223],[88.087326,22.058339],[88.087214,22.058667],[88.087223,22.05894],[88.087009,22.059014],[88.086675,22.058993],[88.086516,22.059015],[88.086316,22.059173],[88.086153,22.059222],[88.085676,22.059244],[88.085472,22.059284],[88.085274,22.05937],[88.085161,22.059527],[88.084869,22.059586],[88.084674,22.059586],[88.084307,22.05965],[88.084174,22.059705],[88.083977,22.059625],[88.083707,22.059472],[88.083643,22.059602],[88.083588,22.05976],[88.083518,22.059837],[88.083148,22.059816],[88.082893,22.059779],[88.082741,22.059664],[88.08239,22.059594],[88.081881,22.059601],[88.081548,22.059542],[88.081224,22.059415],[88.081061,22.059387],[88.08074,22.059452],[88.080465,22.059534],[88.080262,22.059585],[88.080087,22.059718],[88.079896,22.059778],[88.079661,22.059719],[88.079523,22.059652],[88.079269,22.059632],[88.078977,22.05959],[88.078521,22.05978],[88.078469,22.059717],[88.078717,22.059261],[88.07855,22.05914],[88.078245,22.058946],[88.078075,22.058861],[88.077877,22.058702],[88.077707,22.058475],[88.077584,22.05817],[88.077511,22.058038],[88.077261,22.058082],[88.0771,22.058056],[88.077066,22.057981],[88.076936,22.057724],[88.076782,22.057562],[88.07658,22.057394],[88.076195,22.057268],[88.075773,22.057215],[88.075285,22.057257],[88.07514,22.057267],[88.074893,22.057173],[88.074576,22.057161],[88.07407,22.057161],[88.073858,22.057161],[88.07356,22.057085],[88.073394,22.057515],[88.072892,22.058556],[88.072696,22.059314]]]}},{"type":"Feature","properties":{"ward_number":14,"area_km2":4.1530680791,"population_2011":8082,"population_density_2011":1946.03,"population_source":"Census of India 2011 \u00e2\u20ac\u201d Haldia (M) ward record","boundary_source":"Haldia Municipality \u00e2\u20ac\u201d Haldia Municipal Boundary 2012 KMZ","h_areas":["H28"]},"geometry":{"type":"Polygon","coordinates":[[[88.062647,22.079564],[88.062562,22.080407],[88.063014,22.081363],[88.063016,22.082185],[88.063189,22.08317],[88.063202,22.084056],[88.063379,22.084709],[88.063359,22.085251],[88.06362,22.08606],[88.064,22.086372],[88.064526,22.086034],[88.065389,22.085745],[88.065633,22.085974],[88.065684,22.086477],[88.065849,22.086821],[88.066196,22.087336],[88.066255,22.088191],[88.066249,22.088612],[88.066369,22.08862],[88.066642,22.088654],[88.066829,22.088655],[88.06723,22.088637],[88.067655,22.088601],[88.068119,22.088548],[88.068576,22.088409],[88.069047,22.088361],[88.069499,22.08829],[88.070037,22.088285],[88.070424,22.088338],[88.070766,22.088381],[88.07108,22.088424],[88.071366,22.088434],[88.071774,22.088463],[88.072214,22.088519],[88.0727,22.088588],[88.072933,22.088606],[88.073303,22.088609],[88.073662,22.088598],[88.073995,22.088533],[88.074312,22.088468],[88.07445,22.088411],[88.074638,22.088334],[88.074803,22.088281],[88.074949,22.088229],[88.075114,22.088176],[88.075353,22.088023],[88.07563,22.087845],[88.075975,22.087651],[88.076264,22.08749],[88.076421,22.087408],[88.076666,22.087263],[88.076812,22.087182],[88.076954,22.087157],[88.077145,22.08713],[88.077336,22.087104],[88.077586,22.08707],[88.077799,22.087093],[88.078036,22.087155],[88.078349,22.087202],[88.078659,22.087275],[88.07894,22.087364],[88.079126,22.087426],[88.079327,22.087491],[88.079598,22.087575],[88.080073,22.087614],[88.080267,22.087638],[88.08062,22.087691],[88.080937,22.087743],[88.081107,22.087789],[88.081243,22.087813],[88.081354,22.087845],[88.081471,22.087881],[88.081662,22.087915],[88.081811,22.087945],[88.081922,22.087976],[88.082039,22.088001],[88.08216,22.087995],[88.082251,22.088003],[88.08234,22.088],[88.082418,22.088008],[88.082489,22.088017],[88.082573,22.088013],[88.082695,22.088026],[88.082839,22.088068],[88.083008,22.088102],[88.08313,22.088121],[88.083286,22.088138],[88.083442,22.088125],[88.083589,22.088119],[88.083762,22.088099],[88.083826,22.088097],[88.083915,22.088081],[88.084011,22.088065],[88.084093,22.088049],[88.084221,22.088026],[88.08431,22.08801],[88.084418,22.087987],[88.084525,22.087947],[88.084607,22.087919],[88.084752,22.087859],[88.084878,22.087811],[88.084999,22.087776],[88.085117,22.087705],[88.085212,22.087671],[88.085301,22.087649],[88.085363,22.087617],[88.085495,22.087557],[88.085567,22.087584],[88.085506,22.087395],[88.085493,22.0873],[88.085511,22.087096],[88.085491,22.086839],[88.085467,22.086717],[88.085622,22.086145],[88.085855,22.085219],[88.085817,22.084423],[88.085836,22.084003],[88.085776,22.083391],[88.085544,22.083033],[88.085268,22.082453],[88.084939,22.081871],[88.084689,22.081539],[88.084703,22.081109],[88.084824,22.080761],[88.085273,22.080419],[88.085469,22.080268],[88.085437,22.080134],[88.085462,22.079969],[88.085401,22.079668],[88.085083,22.079636],[88.085104,22.078301],[88.084835,22.077128],[88.084761,22.076182],[88.084449,22.075625],[88.084177,22.07526],[88.084131,22.074937],[88.083682,22.074818],[88.08334,22.074815],[88.083137,22.074707],[88.083058,22.074391],[88.082879,22.074117],[88.082517,22.07403],[88.082395,22.073786],[88.082373,22.07316],[88.082435,22.072716],[88.08225,22.072462],[88.081884,22.072271],[88.081575,22.07235],[88.081232,22.072343],[88.081024,22.072255],[88.080745,22.07236],[88.079967,22.072706],[88.078954,22.072847],[88.07837,22.072803],[88.077495,22.072749],[88.077274,22.072289],[88.07658,22.071412],[88.076074,22.070436],[88.075609,22.069748],[88.075344,22.068839],[88.075138,22.06805],[88.075092,22.067401],[88.075172,22.067025],[88.075299,22.066825],[88.07589,22.06616],[88.076169,22.065797],[88.075311,22.065987],[88.074712,22.06612],[88.073694,22.066346],[88.073465,22.066396],[88.070876,22.067056],[88.068501,22.067683],[88.06772,22.067885],[88.066883,22.068101],[88.065489,22.06848],[88.064843,22.068686],[88.064707,22.068759],[88.064903,22.068831],[88.065145,22.069234],[88.065583,22.069676],[88.066184,22.070319],[88.066706,22.070799],[88.066771,22.070941],[88.066348,22.071102],[88.065482,22.07142],[88.065313,22.071573],[88.065805,22.071964],[88.065969,22.072302],[88.06632,22.073111],[88.066607,22.07438],[88.066896,22.075523],[88.067074,22.07667],[88.067174,22.077753],[88.066484,22.078081],[88.065898,22.078572],[88.064677,22.078737],[88.063551,22.079089],[88.062647,22.079564]]]}},{"type":"Feature","properties":{"ward_number":15,"area_km2":3.5595477288,"population_2011":7916,"population_density_2011":2223.88,"population_source":"Census of India 2011 \u00e2\u20ac\u201d Haldia (M) ward record","boundary_source":"Haldia Municipality \u00e2\u20ac\u201d Haldia Municipal Boundary 2012 KMZ"},"geometry":{"type":"Polygon","coordinates":[[[88.04653,22.078089],[88.046385,22.078309],[88.046658,22.079168],[88.046797,22.079769],[88.046871,22.080147],[88.047112,22.08105],[88.047394,22.083033],[88.047646,22.084035],[88.047674,22.08436],[88.047677,22.084627],[88.047473,22.084921],[88.04736,22.085026],[88.047252,22.08503],[88.047171,22.084882],[88.047063,22.084886],[88.04699,22.085391],[88.047178,22.085682],[88.047443,22.085808],[88.047691,22.086034],[88.047815,22.086225],[88.047853,22.086349],[88.047938,22.086416],[88.048093,22.086491],[88.048084,22.087843],[88.048162,22.088091],[88.048137,22.088527],[88.048266,22.088755],[88.04841,22.088915],[88.048556,22.089231],[88.048611,22.089401],[88.04869,22.08975],[88.048945,22.089932],[88.049077,22.089962],[88.049151,22.089902],[88.049281,22.089889],[88.049418,22.089862],[88.049547,22.089809],[88.049659,22.089782],[88.049813,22.089748],[88.049949,22.089719],[88.050135,22.089674],[88.050261,22.089637],[88.050394,22.089543],[88.050481,22.089498],[88.050617,22.089455],[88.050709,22.08941],[88.050841,22.08939],[88.050952,22.089349],[88.05105,22.089331],[88.051245,22.089276],[88.051713,22.089174],[88.052165,22.089136],[88.052408,22.089157],[88.052731,22.089097],[88.053071,22.089147],[88.053375,22.089115],[88.05385,22.088934],[88.054233,22.088802],[88.055117,22.08848],[88.055621,22.088305],[88.055881,22.08828],[88.056204,22.088133],[88.056405,22.088042],[88.056684,22.087948],[88.056932,22.087839],[88.057118,22.087729],[88.057335,22.08761],[88.057536,22.0875],[88.057966,22.087504],[88.058101,22.087443],[88.058804,22.08715],[88.059025,22.087218],[88.059244,22.087255],[88.059432,22.08727],[88.059596,22.087299],[88.059824,22.087322],[88.060076,22.08732],[88.060253,22.087321],[88.060433,22.087364],[88.060622,22.087393],[88.060931,22.087523],[88.061087,22.087567],[88.061204,22.087654],[88.061331,22.087713],[88.061449,22.087804],[88.061541,22.087873],[88.061618,22.087934],[88.061741,22.087929],[88.061974,22.087942],[88.062353,22.087986],[88.062612,22.08803],[88.062861,22.088078],[88.063016,22.088113],[88.063146,22.088149],[88.063251,22.088167],[88.063315,22.088183],[88.063474,22.088199],[88.063579,22.088217],[88.063783,22.088254],[88.063957,22.088293],[88.064111,22.088309],[88.0642,22.088319],[88.064286,22.088347],[88.06446,22.088381],[88.06466,22.088432],[88.064884,22.088464],[88.065144,22.088499],[88.065467,22.088549],[88.065659,22.088546],[88.065872,22.088559],[88.066155,22.088597],[88.066249,22.088612],[88.066255,22.088191],[88.066196,22.087336],[88.065849,22.086821],[88.065684,22.086477],[88.065633,22.085974],[88.065389,22.085745],[88.064526,22.086034],[88.064,22.086372],[88.06362,22.08606],[88.063359,22.085251],[88.063379,22.084709],[88.063202,22.084056],[88.063189,22.08317],[88.063016,22.082185],[88.063014,22.081363],[88.062562,22.080407],[88.062647,22.079564],[88.063551,22.079089],[88.064677,22.078737],[88.065898,22.078572],[88.066484,22.078081],[88.067174,22.077753],[88.067074,22.07667],[88.066896,22.075523],[88.066607,22.07438],[88.06632,22.073111],[88.065969,22.072302],[88.065805,22.071964],[88.065313,22.071573],[88.065482,22.07142],[88.066348,22.071102],[88.066771,22.070941],[88.066706,22.070799],[88.066184,22.070319],[88.065583,22.069676],[88.065145,22.069234],[88.064903,22.068831],[88.064572,22.06872],[88.064292,22.068754],[88.063708,22.068694],[88.063256,22.068724],[88.062766,22.068806],[88.061834,22.069126],[88.060351,22.069438],[88.059045,22.069734],[88.057917,22.070109],[88.057025,22.070344],[88.056309,22.070479],[88.055955,22.070696],[88.055355,22.070835],[88.054323,22.070838],[88.054,22.070824],[88.053645,22.070863],[88.052685,22.071083],[88.051662,22.071321],[88.051185,22.071486],[88.050095,22.071975],[88.04945,22.072208],[88.048855,22.072232],[88.048361,22.072189],[88.048039,22.072189],[88.047937,22.072419],[88.047869,22.072759],[88.047913,22.073077],[88.048158,22.073431],[88.048188,22.073628],[88.048639,22.074245],[88.048869,22.074682],[88.048913,22.075062],[88.048955,22.075295],[88.048935,22.075621],[88.049047,22.075833],[88.049069,22.076071],[88.04901,22.076473],[88.04909,22.076769],[88.049333,22.077213],[88.049422,22.077494],[88.049406,22.07768],[88.049295,22.077795],[88.048583,22.077972],[88.047926,22.078045],[88.047397,22.078211],[88.047122,22.078259],[88.047022,22.078246],[88.046867,22.078088],[88.046698,22.078047],[88.04653,22.078089]]]}},{"type":"Feature","properties":{"ward_number":16,"area_km2":4.6533524273,"population_2011":6647,"population_density_2011":1428.43,"population_source":"Census of India 2011 \u00e2\u20ac\u201d Haldia (M) ward record","boundary_source":"Haldia Municipality \u00e2\u20ac\u201d Haldia Municipal Boundary 2012 KMZ"},"geometry":{"type":"Polygon","coordinates":[[[88.021517,22.0802],[88.021517,22.080313],[88.021603,22.080325],[88.021691,22.080322],[88.021804,22.080306],[88.021866,22.08033],[88.021869,22.080428],[88.021882,22.080588],[88.021825,22.080661],[88.021773,22.080702],[88.021801,22.080787],[88.021865,22.080909],[88.021936,22.080999],[88.021933,22.081128],[88.021895,22.081333],[88.021801,22.081481],[88.021705,22.081645],[88.021748,22.081764],[88.021853,22.081908],[88.021966,22.082005],[88.022201,22.082038],[88.022348,22.082188],[88.022337,22.082364],[88.022253,22.082578],[88.022212,22.082798],[88.022157,22.083097],[88.02221,22.083282],[88.022249,22.083546],[88.022333,22.0838],[88.022528,22.084167],[88.022519,22.084456],[88.022603,22.084597],[88.022598,22.084742],[88.022538,22.08483],[88.022448,22.084849],[88.02233,22.084897],[88.022297,22.084957],[88.022238,22.085045],[88.022225,22.085237],[88.022168,22.085309],[88.022111,22.085623],[88.022032,22.086063],[88.022013,22.086173],[88.022054,22.086308],[88.022122,22.086415],[88.02219,22.086521],[88.022267,22.086581],[88.022287,22.086712],[88.022334,22.086816],[88.022466,22.086932],[88.022536,22.087109],[88.022689,22.087177],[88.022902,22.087172],[88.022935,22.087112],[88.022954,22.087002],[88.022937,22.086697],[88.023,22.086622],[88.022962,22.086471],[88.022874,22.086404],[88.022867,22.086283],[88.022819,22.08607],[88.022844,22.085932],[88.022932,22.085923],[88.023184,22.086066],[88.023532,22.086265],[88.02398,22.086493],[88.024116,22.086591],[88.024229,22.086764],[88.02426,22.08686],[88.024166,22.086953],[88.024042,22.087006],[88.023878,22.087011],[88.023722,22.087023],[88.023532,22.087124],[88.023415,22.087291],[88.023302,22.087494],[88.023258,22.087743],[88.023364,22.087794],[88.023536,22.087854],[88.023711,22.087894],[88.023891,22.087956],[88.02406,22.08798],[88.024175,22.087926],[88.024273,22.087749],[88.024436,22.087645],[88.024539,22.087603],[88.024693,22.087597],[88.024882,22.087561],[88.025161,22.087559],[88.025414,22.087645],[88.025513,22.087731],[88.025636,22.087798],[88.025753,22.087893],[88.02587,22.087939],[88.02597,22.087883],[88.02598,22.087828],[88.026006,22.087732],[88.026112,22.087677],[88.026255,22.087683],[88.026461,22.087714],[88.026893,22.087763],[88.027092,22.087778],[88.027153,22.087758],[88.027227,22.08772],[88.027323,22.08772],[88.027399,22.087724],[88.027478,22.087714],[88.027575,22.087707],[88.02764,22.087717],[88.027779,22.087695],[88.027865,22.087693],[88.027943,22.08769],[88.028025,22.08766],[88.028043,22.087613],[88.028084,22.087548],[88.028191,22.087486],[88.028294,22.087444],[88.028352,22.087389],[88.028447,22.087396],[88.028511,22.087413],[88.028573,22.087393],[88.028627,22.087359],[88.028686,22.087296],[88.028805,22.087279],[88.028857,22.087308],[88.028958,22.087387],[88.02903,22.087411],[88.029096,22.087421],[88.029236,22.087442],[88.029333,22.087442],[88.029477,22.087443],[88.029512,22.087405],[88.029557,22.087346],[88.029637,22.087223],[88.029646,22.087174],[88.029801,22.087169],[88.029917,22.087165],[88.030021,22.087174],[88.030083,22.087204],[88.030195,22.087278],[88.030282,22.087327],[88.030367,22.087339],[88.030396,22.087287],[88.030412,22.087197],[88.030438,22.087109],[88.030488,22.087045],[88.030558,22.087034],[88.030652,22.086992],[88.030715,22.086966],[88.030796,22.086942],[88.030886,22.086927],[88.031035,22.086851],[88.031142,22.086796],[88.031225,22.086765],[88.031328,22.086731],[88.031455,22.086673],[88.031509,22.086638],[88.031573,22.086605],[88.031676,22.086522],[88.031732,22.086431],[88.031837,22.08634],[88.031912,22.086302],[88.031977,22.086262],[88.032082,22.086271],[88.032176,22.086236],[88.032241,22.086203],[88.032277,22.086166],[88.032315,22.086122],[88.03237,22.086088],[88.032445,22.086099],[88.032586,22.086128],[88.032681,22.086268],[88.032747,22.086221],[88.032867,22.086221],[88.033168,22.086281],[88.033274,22.086218],[88.033326,22.085997],[88.033441,22.085969],[88.033746,22.086246],[88.03384,22.086247],[88.033975,22.086074],[88.034058,22.086055],[88.034244,22.086176],[88.034347,22.086148],[88.034473,22.08599],[88.034585,22.085974],[88.034766,22.086236],[88.034843,22.086249],[88.03509,22.085995],[88.035216,22.085997],[88.035317,22.086228],[88.035448,22.086198],[88.035622,22.08605],[88.035798,22.086139],[88.03599,22.086135],[88.036129,22.086227],[88.036227,22.086604],[88.036305,22.086652],[88.03653,22.086634],[88.036615,22.086666],[88.036727,22.086787],[88.036765,22.086871],[88.036813,22.086912],[88.036956,22.086937],[88.03706,22.086913],[88.037133,22.086875],[88.037201,22.086891],[88.037247,22.086975],[88.037318,22.087062],[88.037368,22.087141],[88.037423,22.087186],[88.037513,22.087199],[88.037751,22.087169],[88.037826,22.087168],[88.03792,22.087212],[88.038162,22.087389],[88.038284,22.087351],[88.03845,22.087272],[88.038534,22.087295],[88.038587,22.087361],[88.03861,22.087458],[88.038681,22.087515],[88.038937,22.087589],[88.03916,22.087637],[88.039302,22.087616],[88.039434,22.087557],[88.039524,22.087528],[88.039602,22.08748],[88.03972,22.087427],[88.039807,22.087438],[88.039921,22.087574],[88.04002,22.087652],[88.040099,22.087669],[88.040222,22.087654],[88.040377,22.087599],[88.040501,22.087586],[88.040625,22.087581],[88.040725,22.087602],[88.040814,22.087653],[88.040903,22.087709],[88.041013,22.087755],[88.041117,22.087803],[88.041194,22.087835],[88.041244,22.087865],[88.041294,22.087888],[88.041327,22.087895],[88.041382,22.087912],[88.041463,22.087919],[88.041509,22.087924],[88.04156,22.087922],[88.041656,22.087913],[88.041715,22.088023],[88.041741,22.088102],[88.041843,22.088213],[88.042079,22.088293],[88.042235,22.08836],[88.042439,22.088407],[88.04252,22.088534],[88.042664,22.088567],[88.04279,22.088548],[88.042891,22.088565],[88.042985,22.088603],[88.043071,22.08868],[88.043156,22.088701],[88.043215,22.088727],[88.043288,22.088792],[88.04332,22.08882],[88.043338,22.088865],[88.04343,22.088944],[88.043531,22.089031],[88.043638,22.089117],[88.043716,22.08921],[88.043792,22.089343],[88.043916,22.089449],[88.044044,22.089537],[88.044181,22.089585],[88.04436,22.089627],[88.044462,22.089659],[88.044551,22.089673],[88.044728,22.089686],[88.044795,22.089723],[88.044871,22.089773],[88.044962,22.089834],[88.045053,22.089873],[88.04513,22.089931],[88.045256,22.089929],[88.045447,22.089892],[88.045724,22.089909],[88.045961,22.089952],[88.046173,22.089972],[88.0464,22.089972],[88.046598,22.089989],[88.046724,22.089965],[88.046814,22.089929],[88.046922,22.089928],[88.047069,22.089954],[88.047542,22.08988],[88.047896,22.089821],[88.048245,22.089778],[88.048452,22.089755],[88.048686,22.089746],[88.048611,22.089401],[88.048556,22.089231],[88.04841,22.088915],[88.048266,22.088755],[88.048137,22.088527],[88.048162,22.088091],[88.048084,22.087843],[88.048093,22.086491],[88.047938,22.086416],[88.047853,22.086349],[88.047815,22.086225],[88.047691,22.086034],[88.047443,22.085808],[88.047178,22.085682],[88.04699,22.085391],[88.047063,22.084886],[88.047171,22.084882],[88.047252,22.08503],[88.04736,22.085026],[88.047473,22.084921],[88.047677,22.084627],[88.047674,22.08436],[88.047646,22.084035],[88.047394,22.083033],[88.047112,22.08105],[88.046871,22.080147],[88.046797,22.079769],[88.046658,22.079168],[88.046385,22.078309],[88.04653,22.078089],[88.046698,22.078047],[88.046867,22.078088],[88.047022,22.078246],[88.047122,22.078259],[88.047397,22.078211],[88.047926,22.078045],[88.048583,22.077972],[88.049295,22.077795],[88.049406,22.07768],[88.049422,22.077494],[88.049333,22.077213],[88.04909,22.076769],[88.04901,22.076473],[88.049069,22.076071],[88.049047,22.075833],[88.048935,22.075621],[88.048955,22.075295],[88.048913,22.075062],[88.048869,22.074682],[88.048639,22.074245],[88.048188,22.073628],[88.048158,22.073431],[88.047913,22.073077],[88.047869,22.072759],[88.047937,22.072419],[88.048039,22.072189],[88.048168,22.071899],[88.048188,22.071709],[88.047972,22.071487],[88.047789,22.071287],[88.047807,22.071179],[88.047922,22.070855],[88.047992,22.070508],[88.048104,22.070202],[88.048274,22.069839],[88.048409,22.069536],[88.048709,22.069392],[88.048889,22.069316],[88.048923,22.069118],[88.048984,22.069114],[88.048917,22.068575],[88.048905,22.067708],[88.048834,22.066591],[88.048908,22.066482],[88.049089,22.066432],[88.049297,22.066384],[88.049427,22.066001],[88.049471,22.065725],[88.04939,22.065524],[88.0493,22.06514],[88.049219,22.064758],[88.049112,22.064354],[88.048945,22.06408],[88.047993,22.063482],[88.047689,22.063543],[88.047179,22.063747],[88.04666,22.06394],[88.046327,22.063948],[88.045871,22.06391],[88.045441,22.063996],[88.0452,22.063952],[88.044745,22.063914],[88.044352,22.06406],[88.044078,22.064343],[88.043863,22.065023],[88.043418,22.06506],[88.04273,22.065135],[88.042051,22.065092],[88.041384,22.064994],[88.041116,22.064958],[88.040704,22.064952],[88.040561,22.065218],[88.040603,22.065501],[88.040706,22.065581],[88.040955,22.065581],[88.041084,22.065711],[88.040893,22.066107],[88.040873,22.066408],[88.04089,22.066955],[88.04094,22.067448],[88.040836,22.068068],[88.040567,22.068424],[88.040435,22.068744],[88.04003,22.069125],[88.039598,22.069391],[88.039536,22.069657],[88.039477,22.070107],[88.039272,22.070508],[88.039094,22.070754],[88.038946,22.071237],[88.038713,22.07167],[88.038336,22.072109],[88.037877,22.072731],[88.037421,22.073401],[88.037065,22.073658],[88.036977,22.073316],[88.03683,22.073033],[88.036689,22.072915],[88.036748,22.072662],[88.036688,22.072518],[88.036374,22.072439],[88.035675,22.0724],[88.035246,22.072442],[88.034825,22.072564],[88.03437,22.072722],[88.034035,22.072897],[88.033653,22.073184],[88.033334,22.073343],[88.03259,22.073451],[88.031963,22.073548],[88.031738,22.073496],[88.03152,22.07368],[88.031318,22.073642],[88.031113,22.0737],[88.030868,22.073637],[88.030686,22.073572],[88.030579,22.073635],[88.030558,22.073768],[88.030628,22.073944],[88.030623,22.074126],[88.030508,22.074373],[88.030336,22.074466],[88.029963,22.074473],[88.029527,22.074374],[88.029163,22.074316],[88.028993,22.074353],[88.028973,22.074522],[88.028918,22.074683],[88.028947,22.074933],[88.028826,22.075356],[88.029021,22.075598],[88.028873,22.075753],[88.028826,22.076002],[88.028723,22.076739],[88.028702,22.077516],[88.028603,22.077884],[88.028349,22.078305],[88.027962,22.078937],[88.027727,22.079271],[88.027223,22.079619],[88.026613,22.079984],[88.026165,22.080092],[88.025917,22.080056],[88.025802,22.079993],[88.025623,22.079826],[88.025327,22.079503],[88.024979,22.079328],[88.024761,22.07925],[88.024376,22.079258],[88.024049,22.079399],[88.023732,22.079386],[88.023471,22.079412],[88.02327,22.079352],[88.023147,22.079135],[88.023138,22.07933],[88.023046,22.079463],[88.022987,22.079535],[88.022868,22.07947],[88.022752,22.079389],[88.022651,22.079343],[88.022544,22.079328],[88.02243,22.079344],[88.022234,22.079333],[88.02213,22.079302],[88.021903,22.079334],[88.021784,22.079495],[88.021552,22.079899],[88.021531,22.080009],[88.021517,22.0802]]]}},{"type":"Feature","properties":{"ward_number":17,"area_km2":2.2285293725,"population_2011":4666,"population_density_2011":2093.76,"population_source":"Census of India 2011 \u00e2\u20ac\u201d Haldia (M) ward record","boundary_source":"Haldia Municipality \u00e2\u20ac\u201d Haldia Municipal Boundary 2012 KMZ"},"geometry":{"type":"Polygon","coordinates":[[[88.023045,22.078251],[88.023013,22.078408],[88.023062,22.078496],[88.023178,22.078576],[88.023193,22.078724],[88.023151,22.079041],[88.023147,22.079135],[88.02327,22.079352],[88.023471,22.079412],[88.023732,22.079386],[88.024049,22.079399],[88.024376,22.079258],[88.024761,22.07925],[88.024979,22.079328],[88.025327,22.079503],[88.025623,22.079826],[88.025802,22.079993],[88.025917,22.080056],[88.026165,22.080092],[88.026613,22.079984],[88.027223,22.079619],[88.027727,22.079271],[88.027962,22.078937],[88.028349,22.078305],[88.028603,22.077884],[88.028702,22.077516],[88.028723,22.076739],[88.028826,22.076002],[88.028873,22.075753],[88.029021,22.075598],[88.028826,22.075356],[88.028947,22.074933],[88.028918,22.074683],[88.028973,22.074522],[88.028993,22.074353],[88.029163,22.074316],[88.029527,22.074374],[88.029963,22.074473],[88.030336,22.074466],[88.030508,22.074373],[88.030623,22.074126],[88.030628,22.073944],[88.030558,22.073768],[88.030579,22.073635],[88.030686,22.073572],[88.030868,22.073637],[88.031113,22.0737],[88.031318,22.073642],[88.03152,22.07368],[88.031738,22.073496],[88.031963,22.073548],[88.03259,22.073451],[88.033334,22.073343],[88.033653,22.073184],[88.034035,22.072897],[88.03437,22.072722],[88.034825,22.072564],[88.035246,22.072442],[88.035675,22.0724],[88.036374,22.072439],[88.036688,22.072518],[88.036748,22.072662],[88.036689,22.072915],[88.03683,22.073033],[88.036977,22.073316],[88.037065,22.073658],[88.037421,22.073401],[88.037877,22.072731],[88.038336,22.072109],[88.038713,22.07167],[88.038946,22.071237],[88.039094,22.070754],[88.039272,22.070508],[88.039477,22.070107],[88.039536,22.069657],[88.039598,22.069391],[88.04003,22.069125],[88.040435,22.068744],[88.040567,22.068424],[88.040836,22.068068],[88.04094,22.067448],[88.04089,22.066955],[88.040873,22.066408],[88.040893,22.066107],[88.041084,22.065711],[88.040955,22.065581],[88.040706,22.065581],[88.040603,22.065501],[88.040561,22.065218],[88.040704,22.064952],[88.04035,22.064663],[88.04026,22.064415],[88.040234,22.064185],[88.040278,22.063942],[88.040495,22.063872],[88.040663,22.063868],[88.040738,22.063761],[88.040777,22.063444],[88.040839,22.063307],[88.041151,22.063221],[88.04142,22.063173],[88.041541,22.062912],[88.041781,22.062816],[88.042174,22.062699],[88.042224,22.06231],[88.042718,22.061929],[88.04276,22.061583],[88.042784,22.061338],[88.043274,22.061192],[88.043563,22.06103],[88.043567,22.060899],[88.04363,22.060603],[88.043065,22.060697],[88.04283,22.060739],[88.04204,22.060868],[88.041196,22.060897],[88.040545,22.060909],[88.039817,22.060933],[88.039426,22.060895],[88.038471,22.060732],[88.037629,22.060642],[88.037522,22.060873],[88.037145,22.060998],[88.036984,22.060983],[88.036815,22.060712],[88.036373,22.060796],[88.035764,22.061175],[88.035317,22.061184],[88.034825,22.061066],[88.034001,22.061101],[88.033203,22.061152],[88.032374,22.061162],[88.031481,22.061174],[88.030979,22.061252],[88.030477,22.061224],[88.030213,22.061294],[88.02993,22.061256],[88.029754,22.061232],[88.029611,22.061332],[88.029358,22.061337],[88.029192,22.061366],[88.028764,22.061406],[88.028775,22.062563],[88.028797,22.063249],[88.028707,22.063806],[88.028274,22.063602],[88.028105,22.063693],[88.028008,22.064021],[88.027588,22.065007],[88.027366,22.065303],[88.0272,22.065818],[88.026876,22.066229],[88.026528,22.066979],[88.026494,22.067235],[88.026044,22.067789],[88.025845,22.068151],[88.025411,22.068853],[88.025178,22.06895],[88.025066,22.069161],[88.024996,22.06941],[88.024703,22.069628],[88.024511,22.06994],[88.024383,22.070067],[88.024257,22.070372],[88.023907,22.070774],[88.023501,22.071183],[88.023075,22.071671],[88.022909,22.071969],[88.022867,22.072076],[88.022945,22.072167],[88.023056,22.072199],[88.023276,22.072149],[88.023867,22.072022],[88.024568,22.071863],[88.025135,22.071669],[88.025418,22.071548],[88.025518,22.07153],[88.025765,22.071516],[88.025936,22.071556],[88.026058,22.071652],[88.026107,22.071755],[88.026179,22.071972],[88.026171,22.072114],[88.026207,22.07258],[88.026009,22.07345],[88.026041,22.073776],[88.025977,22.074186],[88.025822,22.074698],[88.025678,22.07505],[88.025483,22.075179],[88.025363,22.075292],[88.025283,22.075426],[88.025173,22.075686],[88.025123,22.075889],[88.025104,22.075967],[88.024921,22.076168],[88.024892,22.076293],[88.024856,22.07645],[88.024863,22.076613],[88.024863,22.07671],[88.024796,22.077008],[88.024719,22.077256],[88.024577,22.077398],[88.024342,22.077559],[88.024211,22.077654],[88.02404,22.077727],[88.023833,22.077763],[88.023514,22.077799],[88.023307,22.077835],[88.023232,22.077986],[88.023166,22.07809],[88.023061,22.078172],[88.023045,22.078251]]]}},{"type":"Feature","properties":{"ward_number":18,"area_km2":4.9411491118,"population_2011":7795,"population_density_2011":1577.57,"population_source":"Census of India 2011 \u00e2\u20ac\u201d Haldia (M) ward record","boundary_source":"Haldia Municipality \u00e2\u20ac\u201d Haldia Municipal Boundary 2012 KMZ"},"geometry":{"type":"Polygon","coordinates":[[[88.027655,22.04902],[88.027605,22.049867],[88.027752,22.050605],[88.028235,22.052005],[88.029135,22.053818],[88.029914,22.054896],[88.030526,22.05531],[88.030673,22.055341],[88.030505,22.056916],[88.030313,22.058065],[88.030097,22.058966],[88.029918,22.059512],[88.029192,22.061366],[88.029358,22.061337],[88.029611,22.061332],[88.029754,22.061232],[88.02993,22.061256],[88.030213,22.061294],[88.030477,22.061224],[88.030979,22.061252],[88.031481,22.061174],[88.032374,22.061162],[88.033203,22.061152],[88.034001,22.061101],[88.034825,22.061066],[88.035317,22.061184],[88.035764,22.061175],[88.036373,22.060796],[88.036815,22.060712],[88.036984,22.060983],[88.037145,22.060998],[88.037522,22.060873],[88.037629,22.060642],[88.038471,22.060732],[88.039426,22.060895],[88.039817,22.060933],[88.040545,22.060909],[88.041196,22.060897],[88.04204,22.060868],[88.04283,22.060739],[88.043065,22.060697],[88.04363,22.060603],[88.043973,22.060545],[88.044758,22.060521],[88.045731,22.060479],[88.047348,22.060181],[88.048176,22.060112],[88.049885,22.060301],[88.050725,22.060354],[88.052105,22.060354],[88.052832,22.060415],[88.054157,22.060563],[88.054354,22.060553],[88.053773,22.060004],[88.053637,22.059738],[88.05201,22.058656],[88.051301,22.057951],[88.050424,22.057559],[88.050208,22.057495],[88.049531,22.057075],[88.049427,22.056927],[88.0485,22.056483],[88.047887,22.055977],[88.047135,22.054026],[88.046952,22.052881],[88.047265,22.052401],[88.047379,22.051598],[88.047328,22.051425],[88.047015,22.051153],[88.047003,22.051026],[88.047049,22.050915],[88.047495,22.050708],[88.04768,22.050518],[88.048197,22.050302],[88.048688,22.049957],[88.049911,22.049546],[88.050905,22.048435],[88.050777,22.048093],[88.05043,22.047538],[88.049856,22.047374],[88.049172,22.04698],[88.049057,22.046758],[88.049076,22.046484],[88.049446,22.046201],[88.049689,22.045857],[88.05003,22.045515],[88.050338,22.045302],[88.050231,22.04505],[88.050091,22.04425],[88.049954,22.043666],[88.049385,22.043218],[88.049004,22.042646],[88.048342,22.041892],[88.048224,22.041683],[88.046876,22.042284],[88.046063,22.042663],[88.045363,22.042892],[88.044725,22.043066],[88.044592,22.043129],[88.043979,22.041312],[88.044301,22.041167],[88.044302,22.040554],[88.044302,22.03966],[88.044283,22.038537],[88.044276,22.038034],[88.044358,22.037447],[88.044333,22.037152],[88.0447,22.036205],[88.044699,22.035565],[88.04432,22.035064],[88.043976,22.035162],[88.043587,22.03556],[88.043047,22.035302],[88.042495,22.035035],[88.042004,22.034896],[88.041708,22.034799],[88.04134,22.034965],[88.0412,22.03475],[88.040865,22.034504],[88.040534,22.034559],[88.040145,22.034638],[88.040101,22.034556],[88.040094,22.034217],[88.040043,22.034003],[88.039955,22.033847],[88.039848,22.0337],[88.03799,22.03556],[88.038047,22.035863],[88.038138,22.036114],[88.038034,22.036214],[88.037856,22.036096],[88.037705,22.03595],[88.037594,22.035824],[88.037441,22.035821],[88.037308,22.035837],[88.037255,22.035895],[88.037237,22.036005],[88.037257,22.036151],[88.037162,22.037005],[88.037157,22.037581],[88.037179,22.037965],[88.037161,22.038075],[88.036979,22.03826],[88.036803,22.038399],[88.036714,22.038548],[88.036462,22.038613],[88.036265,22.038892],[88.036096,22.039127],[88.036057,22.039378],[88.035915,22.039621],[88.035468,22.039944],[88.035459,22.040272],[88.035422,22.040456],[88.035378,22.040674],[88.034583,22.040849],[88.03384,22.041068],[88.033145,22.041262],[88.032632,22.041542],[88.031579,22.042729],[88.030733,22.043827],[88.030359,22.044245],[88.029556,22.045264],[88.029232,22.045838],[88.028573,22.046619],[88.027935,22.047639],[88.027655,22.04902]]]}},{"type":"Feature","properties":{"ward_number":19,"area_km2":3.1742512227,"population_2011":7012,"population_density_2011":2209.02,"population_source":"Census of India 2011 \u00e2\u20ac\u201d Haldia (M) ward record","boundary_source":"Haldia Municipality \u00e2\u20ac\u201d Haldia Municipal Boundary 2012 KMZ","h_areas":["H01","H16"]},"geometry":{"type":"Polygon","coordinates":[[[88.040278,22.063942],[88.040234,22.064185],[88.04026,22.064415],[88.04035,22.064663],[88.040704,22.064952],[88.041116,22.064958],[88.041384,22.064994],[88.042051,22.065092],[88.04273,22.065135],[88.043418,22.06506],[88.043863,22.065023],[88.044078,22.064343],[88.044352,22.06406],[88.044745,22.063914],[88.0452,22.063952],[88.045441,22.063996],[88.045871,22.06391],[88.046327,22.063948],[88.04666,22.06394],[88.047179,22.063747],[88.047689,22.063543],[88.047993,22.063482],[88.048515,22.06381],[88.048945,22.06408],[88.049112,22.064354],[88.049219,22.064758],[88.0493,22.06514],[88.04939,22.065524],[88.049471,22.065725],[88.049427,22.066001],[88.049297,22.066384],[88.048908,22.066482],[88.048834,22.066591],[88.048905,22.067708],[88.048917,22.068575],[88.048984,22.069114],[88.048923,22.069118],[88.048889,22.069316],[88.048709,22.069392],[88.048409,22.069536],[88.048274,22.069839],[88.048104,22.070202],[88.047992,22.070508],[88.047922,22.070855],[88.047807,22.071179],[88.047789,22.071287],[88.047972,22.071487],[88.048188,22.071709],[88.048168,22.071899],[88.048039,22.072189],[88.048361,22.072189],[88.048855,22.072232],[88.04945,22.072208],[88.050095,22.071975],[88.051185,22.071486],[88.051662,22.071321],[88.052685,22.071083],[88.053645,22.070863],[88.054,22.070824],[88.054323,22.070838],[88.055355,22.070835],[88.055955,22.070696],[88.056309,22.070479],[88.057025,22.070344],[88.057917,22.070109],[88.059045,22.069734],[88.060351,22.069438],[88.061834,22.069126],[88.062766,22.068806],[88.063256,22.068724],[88.063708,22.068694],[88.064292,22.068754],[88.064572,22.06872],[88.064707,22.068759],[88.064843,22.068686],[88.065489,22.06848],[88.066883,22.068101],[88.06772,22.067885],[88.068833,22.067597],[88.071438,22.066926],[88.073694,22.066346],[88.074712,22.06612],[88.075311,22.065987],[88.076169,22.065797],[88.076314,22.065609],[88.076615,22.06479],[88.076771,22.064028],[88.07685,22.063067],[88.076425,22.062873],[88.076394,22.061982],[88.075976,22.060926],[88.075576,22.060883],[88.075134,22.060837],[88.074611,22.060827],[88.07409,22.060816],[88.073415,22.060731],[88.073003,22.060617],[88.072709,22.060375],[88.072574,22.060151],[88.072696,22.059314],[88.072465,22.059253],[88.071498,22.059331],[88.070119,22.059181],[88.069439,22.059298],[88.068927,22.059323],[88.067826,22.059107],[88.066655,22.058923],[88.066042,22.059037],[88.06459,22.05931],[88.063404,22.059556],[88.062257,22.05984],[88.061707,22.059908],[88.061164,22.059917],[88.060951,22.059912],[88.060265,22.059809],[88.059785,22.059757],[88.058747,22.059864],[88.058394,22.059924],[88.057432,22.060142],[88.056616,22.060302],[88.055499,22.060493],[88.054354,22.060553],[88.054157,22.060563],[88.053414,22.060482],[88.052832,22.060415],[88.052105,22.060354],[88.050725,22.060354],[88.049885,22.060301],[88.048176,22.060112],[88.047348,22.060181],[88.045731,22.060479],[88.044758,22.060521],[88.043973,22.060545],[88.04363,22.060603],[88.043584,22.060818],[88.043567,22.060899],[88.043563,22.06103],[88.043274,22.061192],[88.042784,22.061338],[88.04276,22.061583],[88.042718,22.061929],[88.042224,22.06231],[88.042174,22.062699],[88.041781,22.062816],[88.041541,22.062912],[88.04142,22.063173],[88.041151,22.063221],[88.040839,22.063307],[88.040777,22.063444],[88.040738,22.063761],[88.040663,22.063868],[88.040495,22.063872],[88.040278,22.063942]]]}},{"type":"Feature","properties":{"ward_number":20,"area_km2":1.7065213469,"population_2011":6649,"population_density_2011":3896.23,"population_source":"Census of India 2011 \u00e2\u20ac\u201d Haldia (M) ward record","boundary_source":"Haldia Municipality \u00e2\u20ac\u201d Haldia Municipal Boundary 2012 KMZ"},"geometry":{"type":"Polygon","coordinates":[[[88.061111,22.059642],[88.060951,22.059912],[88.061164,22.059917],[88.061707,22.059908],[88.062257,22.05984],[88.063404,22.059556],[88.06459,22.05931],[88.066042,22.059037],[88.066655,22.058923],[88.06737,22.059035],[88.067826,22.059107],[88.068927,22.059323],[88.069439,22.059298],[88.070119,22.059181],[88.071498,22.059331],[88.072465,22.059253],[88.072696,22.059314],[88.072892,22.058556],[88.073394,22.057515],[88.07356,22.057085],[88.073696,22.056818],[88.073963,22.055951],[88.073884,22.055049],[88.074103,22.054381],[88.074217,22.054141],[88.074354,22.053853],[88.074416,22.053568],[88.074506,22.053352],[88.074571,22.053138],[88.074704,22.052756],[88.074837,22.052397],[88.07492,22.05204],[88.075144,22.051466],[88.075249,22.051038],[88.075308,22.050706],[88.075343,22.050399],[88.077332,22.049772],[88.077373,22.049464],[88.077299,22.049442],[88.07687,22.049216],[88.075887,22.048698],[88.073932,22.047337],[88.07225,22.046696],[88.06544,22.0447],[88.065475,22.045081],[88.065561,22.045772],[88.065849,22.046522],[88.06623,22.047204],[88.06646,22.047646],[88.066797,22.048291],[88.06737,22.048925],[88.066764,22.048732],[88.066315,22.048635],[88.065976,22.04852],[88.065554,22.048409],[88.065202,22.048295],[88.064569,22.048142],[88.064563,22.048297],[88.064377,22.048982],[88.064307,22.049185],[88.06418,22.049617],[88.063983,22.04993],[88.063939,22.050308],[88.063745,22.050617],[88.063399,22.051638],[88.063121,22.052133],[88.062731,22.053268],[88.06227,22.054699],[88.061755,22.056331],[88.061319,22.058069],[88.061111,22.059642]]]}},{"type":"Feature","properties":{"ward_number":21,"area_km2":5.2694723105,"population_2011":6024,"population_density_2011":1143.19,"population_source":"Census of India 2011 \u00e2\u20ac\u201d Haldia (M) ward record","boundary_source":"Haldia Municipality \u00e2\u20ac\u201d Haldia Municipal Boundary 2012 KMZ","h_areas":["H15"]},"geometry":{"type":"Polygon","coordinates":[[[88.072815,22.042268],[88.072737,22.042439],[88.073206,22.043309],[88.073791,22.044048],[88.074148,22.044618],[88.074728,22.045126],[88.075475,22.045796],[88.075989,22.046157],[88.075842,22.04652],[88.075684,22.04686],[88.076027,22.046991],[88.076923,22.047298],[88.077813,22.047671],[88.077772,22.047988],[88.077639,22.048347],[88.077526,22.048611],[88.077444,22.04899],[88.077332,22.049772],[88.075343,22.050399],[88.075308,22.050706],[88.075249,22.051038],[88.075144,22.051466],[88.07492,22.05204],[88.074837,22.052397],[88.074704,22.052756],[88.074639,22.05297],[88.074571,22.053138],[88.074506,22.053352],[88.074416,22.053568],[88.074354,22.053853],[88.074217,22.054141],[88.074103,22.054381],[88.073884,22.055049],[88.073963,22.055951],[88.073696,22.056818],[88.07356,22.057085],[88.073858,22.057161],[88.07407,22.057161],[88.074576,22.057161],[88.074893,22.057173],[88.07514,22.057267],[88.075285,22.057257],[88.075773,22.057215],[88.076195,22.057268],[88.07658,22.057394],[88.076782,22.057562],[88.076936,22.057724],[88.077066,22.057981],[88.0771,22.058056],[88.077261,22.058082],[88.077511,22.058038],[88.077584,22.05817],[88.077707,22.058475],[88.077877,22.058702],[88.078075,22.058861],[88.078245,22.058946],[88.07855,22.05914],[88.078717,22.059261],[88.078469,22.059717],[88.078521,22.05978],[88.078977,22.05959],[88.079269,22.059632],[88.079523,22.059652],[88.079661,22.059719],[88.079896,22.059778],[88.080087,22.059718],[88.080262,22.059585],[88.080465,22.059534],[88.08074,22.059452],[88.081061,22.059387],[88.081224,22.059415],[88.081548,22.059542],[88.081881,22.059601],[88.08239,22.059594],[88.082741,22.059664],[88.082893,22.059779],[88.083148,22.059816],[88.083518,22.059837],[88.083588,22.05976],[88.083643,22.059602],[88.083707,22.059472],[88.083977,22.059625],[88.084174,22.059705],[88.084307,22.05965],[88.084674,22.059586],[88.084869,22.059586],[88.085161,22.059527],[88.085274,22.05937],[88.085472,22.059284],[88.085676,22.059244],[88.086153,22.059222],[88.086316,22.059173],[88.086516,22.059015],[88.086675,22.058993],[88.087009,22.059014],[88.087223,22.05894],[88.087214,22.058667],[88.087326,22.058339],[88.087517,22.058223],[88.087724,22.058075],[88.087836,22.057855],[88.088079,22.057794],[88.0881,22.057575],[88.088062,22.057276],[88.088209,22.056664],[88.088216,22.056326],[88.088111,22.056117],[88.088122,22.055977],[88.08818,22.055814],[88.088151,22.05562],[88.087808,22.054952],[88.08744,22.054348],[88.087116,22.053791],[88.086917,22.053339],[88.086818,22.052908],[88.086885,22.052723],[88.087377,22.052549],[88.087875,22.052352],[88.088125,22.052183],[88.088951,22.051983],[88.08916,22.051676],[88.089218,22.0508],[88.089297,22.050682],[88.089322,22.050235],[88.089174,22.050135],[88.089119,22.050035],[88.089039,22.049584],[88.088908,22.048927],[88.088737,22.048284],[88.088615,22.047809],[88.088713,22.047663],[88.088621,22.047266],[88.088453,22.046709],[88.088442,22.04656],[88.088538,22.046337],[88.08845,22.045526],[88.088229,22.04447],[88.088465,22.044146],[88.088171,22.043449],[88.088257,22.043273],[88.088508,22.043115],[88.088942,22.043011],[88.08975,22.042891],[88.090812,22.042578],[88.092384,22.04243],[88.092885,22.04238],[88.093056,22.042453],[88.093346,22.042462],[88.093939,22.042493],[88.094247,22.042402],[88.09481,22.042437],[88.094967,22.042463],[88.096106,22.042383],[88.096488,22.042236],[88.096343,22.041683],[88.096283,22.041081],[88.096183,22.040127],[88.096237,22.039026],[88.09651,22.038167],[88.096679,22.037966],[88.097268,22.037478],[88.098035,22.036923],[88.099062,22.036529],[88.099822,22.036355],[88.100144,22.0362],[88.100075,22.036069],[88.099648,22.035709],[88.09971,22.035608],[88.099903,22.035478],[88.100525,22.035094],[88.100972,22.034959],[88.101553,22.034697],[88.101848,22.034504],[88.102016,22.034101],[88.101954,22.034091],[88.101768,22.033991],[88.101685,22.03389],[88.10156,22.033707],[88.101398,22.033563],[88.101215,22.033465],[88.10099,22.033423],[88.100804,22.033375],[88.100521,22.033182],[88.100203,22.032958],[88.09987,22.032695],[88.099357,22.03231],[88.098859,22.031938],[88.098247,22.031514],[88.097574,22.031023],[88.09647,22.030307],[88.095305,22.029629],[88.09486,22.029345],[88.094531,22.029171],[88.093957,22.028854],[88.093646,22.028673],[88.093528,22.028684],[88.093445,22.028673],[88.093467,22.028489],[88.093431,22.028265],[88.093285,22.027972],[88.093093,22.027807],[88.092782,22.027617],[88.09255,22.027495],[88.092419,22.027421],[88.092381,22.027307],[88.0922,22.027342],[88.092045,22.027425],[88.091968,22.02761],[88.09191,22.027639],[88.091748,22.028044],[88.091377,22.028188],[88.091359,22.028394],[88.091465,22.028866],[88.091378,22.029192],[88.091149,22.029264],[88.090885,22.029401],[88.090673,22.029505],[88.090137,22.029503],[88.089547,22.02949],[88.089169,22.029546],[88.088941,22.029573],[88.088728,22.02953],[88.088414,22.029686],[88.087976,22.029696],[88.086954,22.029725],[88.086256,22.029822],[88.085905,22.029911],[88.085589,22.030282],[88.085553,22.030885],[88.085404,22.031466],[88.084989,22.031887],[88.084797,22.032145],[88.084354,22.03241],[88.083936,22.032553],[88.083531,22.032745],[88.083424,22.032994],[88.083444,22.033322],[88.083366,22.033723],[88.083494,22.03398],[88.083792,22.034394],[88.08393,22.034777],[88.083763,22.035094],[88.083519,22.0352],[88.08331,22.035428],[88.083049,22.035496],[88.082854,22.035593],[88.082556,22.035659],[88.082379,22.035849],[88.082132,22.035902],[88.081834,22.035918],[88.081514,22.036046],[88.081265,22.036241],[88.080963,22.036399],[88.080467,22.036452],[88.080227,22.036408],[88.079977,22.036283],[88.07945,22.036241],[88.078926,22.036245],[88.078442,22.036417],[88.078141,22.03656],[88.077633,22.036688],[88.076978,22.036805],[88.076336,22.037042],[88.075891,22.037376],[88.075503,22.037791],[88.074977,22.038175],[88.074524,22.038311],[88.074503,22.038427],[88.074408,22.038687],[88.074489,22.038918],[88.074517,22.039186],[88.074564,22.039515],[88.074526,22.040138],[88.074387,22.040389],[88.074179,22.04067],[88.073976,22.041094],[88.073685,22.041664],[88.073767,22.041802],[88.073695,22.041939],[88.07354,22.042108],[88.073119,22.042213],[88.072815,22.042268]]]}},{"type":"Feature","properties":{"ward_number":22,"area_km2":3.3630514136,"population_2011":7038,"population_density_2011":2092.74,"population_source":"Census of India 2011 \u00e2\u20ac\u201d Haldia (M) ward record","boundary_source":"Haldia Municipality \u00e2\u20ac\u201d Haldia Municipal Boundary 2012 KMZ","h_areas":["H24"]},"geometry":{"type":"Polygon","coordinates":[[[88.058236,22.026122],[88.057897,22.026419],[88.058511,22.027152],[88.059604,22.02839],[88.060716,22.029687],[88.0608,22.029758],[88.062255,22.028731],[88.06309,22.028164],[88.064684,22.026997],[88.065581,22.026351],[88.066541,22.025672],[88.067122,22.025237],[88.067644,22.024926],[88.068152,22.024661],[88.068328,22.024963],[88.068495,22.025203],[88.068537,22.025782],[88.068691,22.026155],[88.068834,22.026261],[88.069184,22.026381],[88.06948,22.026449],[88.069633,22.026559],[88.069838,22.026944],[88.070042,22.027252],[88.070015,22.027479],[88.069901,22.027856],[88.069723,22.02811],[88.069417,22.028399],[88.069255,22.028704],[88.069193,22.028918],[88.069301,22.029276],[88.069273,22.029637],[88.069383,22.029704],[88.069549,22.029723],[88.069719,22.029656],[88.069899,22.029736],[88.069975,22.029851],[88.069928,22.030119],[88.069893,22.030246],[88.069996,22.030482],[88.070004,22.030711],[88.069839,22.03089],[88.069773,22.031124],[88.069796,22.031268],[88.069975,22.031346],[88.070245,22.031392],[88.070505,22.031559],[88.070642,22.031872],[88.070709,22.032172],[88.070857,22.032356],[88.070996,22.032658],[88.071029,22.032881],[88.071083,22.03325],[88.071212,22.033668],[88.071139,22.033739],[88.07092,22.033683],[88.070735,22.033707],[88.070619,22.033953],[88.070393,22.034337],[88.070444,22.03452],[88.070571,22.034751],[88.070797,22.035099],[88.070829,22.035322],[88.070757,22.035656],[88.070907,22.03569],[88.071238,22.03579],[88.071322,22.036058],[88.071398,22.03617],[88.071632,22.036272],[88.071771,22.036566],[88.07184,22.03668],[88.07216,22.036841],[88.072349,22.03699],[88.072422,22.03738],[88.072515,22.037593],[88.073119,22.037971],[88.073552,22.038159],[88.073946,22.038171],[88.074174,22.038236],[88.074524,22.038311],[88.074977,22.038175],[88.075503,22.037791],[88.075891,22.037376],[88.076336,22.037042],[88.076978,22.036805],[88.077633,22.036688],[88.078141,22.03656],[88.078442,22.036417],[88.078926,22.036245],[88.07945,22.036241],[88.079977,22.036283],[88.080227,22.036408],[88.080467,22.036452],[88.080963,22.036399],[88.081265,22.036241],[88.081514,22.036046],[88.081834,22.035918],[88.082132,22.035902],[88.082379,22.035849],[88.082556,22.035659],[88.082854,22.035593],[88.083049,22.035496],[88.08331,22.035428],[88.083519,22.0352],[88.083763,22.035094],[88.08393,22.034777],[88.083792,22.034394],[88.083494,22.03398],[88.083366,22.033723],[88.083444,22.033322],[88.083424,22.032994],[88.083531,22.032745],[88.083936,22.032553],[88.084354,22.03241],[88.084797,22.032145],[88.084989,22.031887],[88.085404,22.031466],[88.085553,22.030885],[88.085589,22.030282],[88.085905,22.029911],[88.086256,22.029822],[88.086954,22.029725],[88.087976,22.029696],[88.088414,22.029686],[88.088728,22.02953],[88.088941,22.029573],[88.089169,22.029546],[88.089547,22.02949],[88.090137,22.029503],[88.090673,22.029505],[88.090885,22.029401],[88.091149,22.029264],[88.091378,22.029192],[88.091465,22.028866],[88.091359,22.028394],[88.091377,22.028188],[88.091748,22.028044],[88.09191,22.027639],[88.091755,22.027633],[88.09164,22.02755],[88.091409,22.02732],[88.091107,22.027041],[88.090986,22.026919],[88.090845,22.02688],[88.090754,22.026861],[88.090715,22.02675],[88.090617,22.026562],[88.090478,22.026469],[88.090403,22.026571],[88.090319,22.026577],[88.09022,22.026527],[88.089984,22.026514],[88.08969,22.026459],[88.08951,22.026418],[88.089434,22.026307],[88.089339,22.026164],[88.089293,22.025971],[88.089162,22.025797],[88.08909,22.025721],[88.089064,22.025526],[88.088997,22.025354],[88.088837,22.025305],[88.088727,22.02521],[88.088259,22.024711],[88.087297,22.024379],[88.087016,22.024605],[88.086721,22.024869],[88.086443,22.025219],[88.086117,22.025172],[88.08569,22.025079],[88.08536,22.024866],[88.084813,22.024541],[88.084743,22.024542],[88.084463,22.02413],[88.08432,22.023781],[88.084119,22.023345],[88.083999,22.023125],[88.083898,22.023046],[88.083712,22.022959],[88.083554,22.022901],[88.083351,22.022748],[88.08303,22.022499],[88.082783,22.022352],[88.082614,22.022276],[88.082338,22.02204],[88.081995,22.021773],[88.081809,22.021613],[88.081212,22.021619],[88.080561,22.0215],[88.080113,22.021357],[88.079892,22.021217],[88.079701,22.021044],[88.079584,22.020998],[88.079532,22.020978],[88.079367,22.020882],[88.079208,22.020795],[88.078573,22.021122],[88.077436,22.021686],[88.076894,22.021792],[88.076459,22.021904],[88.075904,22.022021],[88.074963,22.022109],[88.074702,22.022093],[88.074449,22.022029],[88.074235,22.021954],[88.072038,22.021079],[88.070169,22.020263],[88.069914,22.020171],[88.068421,22.021169],[88.067033,22.022452],[88.066415,22.022977],[88.065782,22.023601],[88.065706,22.023689],[88.065506,22.023576],[88.064948,22.022787],[88.064519,22.022284],[88.06426,22.02216],[88.063832,22.022029],[88.063391,22.022363],[88.062625,22.022876],[88.062284,22.02308],[88.062071,22.023241],[88.061702,22.0236],[88.061109,22.024126],[88.059813,22.024987],[88.058236,22.026122]]]}},{"type":"Feature","properties":{"ward_number":23,"area_km2":3.197096599,"population_2011":6566,"population_density_2011":2053.74,"population_source":"Census of India 2011 \u00e2\u20ac\u201d Haldia (M) ward record","boundary_source":"Haldia Municipality \u00e2\u20ac\u201d Haldia Municipal Boundary 2012 KMZ","h_areas":["H26"]},"geometry":{"type":"Polygon","coordinates":[[[88.053155,22.03968],[88.053042,22.040132],[88.053244,22.040313],[88.054262,22.040005],[88.054699,22.040135],[88.056299,22.040146],[88.05577,22.041087],[88.056111,22.04171],[88.056328,22.042141],[88.056527,22.042542],[88.056841,22.043272],[88.057151,22.04426],[88.057312,22.044891],[88.060284,22.044115],[88.062047,22.044217],[88.06544,22.0447],[88.07225,22.046696],[88.073932,22.047337],[88.075887,22.048698],[88.07687,22.049216],[88.077299,22.049442],[88.077373,22.049464],[88.077444,22.04899],[88.077526,22.048611],[88.077639,22.048347],[88.077772,22.047988],[88.077813,22.047671],[88.076923,22.047298],[88.076027,22.046991],[88.075684,22.04686],[88.075842,22.04652],[88.075989,22.046157],[88.075475,22.045796],[88.074728,22.045126],[88.074148,22.044618],[88.073791,22.044048],[88.073206,22.043309],[88.072737,22.042439],[88.072815,22.042268],[88.073119,22.042213],[88.07354,22.042108],[88.073695,22.041939],[88.073767,22.041802],[88.073685,22.041664],[88.073976,22.041094],[88.074179,22.04067],[88.074387,22.040389],[88.074526,22.040138],[88.074564,22.039515],[88.074517,22.039186],[88.074489,22.038918],[88.074408,22.038687],[88.074503,22.038427],[88.074524,22.038311],[88.074174,22.038236],[88.073946,22.038171],[88.073552,22.038159],[88.073119,22.037971],[88.072515,22.037593],[88.072422,22.03738],[88.072349,22.03699],[88.07216,22.036841],[88.07184,22.03668],[88.071771,22.036566],[88.071632,22.036272],[88.071398,22.03617],[88.071322,22.036058],[88.071238,22.03579],[88.070907,22.03569],[88.070757,22.035656],[88.070829,22.035322],[88.070797,22.035099],[88.070571,22.034751],[88.070444,22.03452],[88.070393,22.034337],[88.070619,22.033953],[88.070735,22.033707],[88.07092,22.033683],[88.071139,22.033739],[88.071212,22.033668],[88.071083,22.03325],[88.071029,22.032881],[88.070996,22.032658],[88.070857,22.032356],[88.070709,22.032172],[88.070642,22.031872],[88.070505,22.031559],[88.070245,22.031392],[88.069975,22.031346],[88.069796,22.031268],[88.069773,22.031124],[88.069839,22.03089],[88.070004,22.030711],[88.069996,22.030482],[88.069893,22.030246],[88.069928,22.030119],[88.069975,22.029851],[88.069899,22.029736],[88.069719,22.029656],[88.069549,22.029723],[88.069383,22.029704],[88.069273,22.029637],[88.069301,22.029276],[88.069193,22.028918],[88.069255,22.028704],[88.069417,22.028399],[88.069723,22.02811],[88.069901,22.027856],[88.070015,22.027479],[88.070042,22.027252],[88.069838,22.026944],[88.069633,22.026559],[88.06948,22.026449],[88.069184,22.026381],[88.068834,22.026261],[88.068691,22.026155],[88.068537,22.025782],[88.068495,22.025203],[88.068328,22.024963],[88.068152,22.024661],[88.067644,22.024926],[88.067122,22.025237],[88.066541,22.025672],[88.065581,22.026351],[88.064684,22.026997],[88.06309,22.028164],[88.062255,22.028731],[88.0608,22.029758],[88.060468,22.030038],[88.060014,22.030464],[88.059349,22.030957],[88.058428,22.031771],[88.057411,22.032588],[88.056186,22.033825],[88.054977,22.035115],[88.054355,22.035701],[88.054228,22.035835],[88.054164,22.035898],[88.054367,22.036213],[88.054664,22.036415],[88.055269,22.037236],[88.055836,22.037768],[88.05605,22.037909],[88.056281,22.038382],[88.05611,22.038636],[88.055804,22.038509],[88.055618,22.038475],[88.055416,22.038333],[88.055316,22.038177],[88.055033,22.038264],[88.054827,22.038294],[88.054672,22.038183],[88.054385,22.038206],[88.054207,22.038321],[88.054102,22.038765],[88.054276,22.03924],[88.054563,22.039395],[88.055044,22.039529],[88.054701,22.039808],[88.053888,22.039441],[88.053735,22.039574],[88.053155,22.03968]]]}},{"type":"Feature","properties":{"ward_number":24,"area_km2":2.8586417592,"population_2011":9396,"population_density_2011":3286.88,"population_source":"Census of India 2011 \u00e2\u20ac\u201d Haldia (M) ward record","boundary_source":"Haldia Municipality \u00e2\u20ac\u201d Haldia Municipal Boundary 2012 KMZ","h_areas":["H08"]},"geometry":{"type":"Polygon","coordinates":[[[88.047265,22.052401],[88.046952,22.052881],[88.047135,22.054026],[88.047887,22.055977],[88.0485,22.056483],[88.049427,22.056927],[88.049531,22.057075],[88.050208,22.057495],[88.050424,22.057559],[88.051301,22.057951],[88.05201,22.058656],[88.053637,22.059738],[88.053773,22.060004],[88.054354,22.060553],[88.055499,22.060493],[88.056616,22.060302],[88.057432,22.060142],[88.058394,22.059924],[88.058747,22.059864],[88.059785,22.059757],[88.060265,22.059809],[88.060951,22.059912],[88.061111,22.059642],[88.061319,22.058069],[88.061755,22.056331],[88.06227,22.054699],[88.062731,22.053268],[88.063121,22.052133],[88.063399,22.051638],[88.063745,22.050617],[88.063939,22.050308],[88.063983,22.04993],[88.06418,22.049617],[88.064307,22.049185],[88.064377,22.048982],[88.064563,22.048297],[88.064569,22.048142],[88.065202,22.048295],[88.065554,22.048409],[88.065976,22.04852],[88.066315,22.048635],[88.066764,22.048732],[88.06737,22.048925],[88.066797,22.048291],[88.06646,22.047646],[88.06623,22.047204],[88.065849,22.046522],[88.065561,22.045772],[88.065475,22.045081],[88.06544,22.0447],[88.062047,22.044217],[88.060284,22.044115],[88.057312,22.044891],[88.057151,22.04426],[88.056841,22.043272],[88.056527,22.042542],[88.056328,22.042141],[88.056111,22.04171],[88.05577,22.041087],[88.054254,22.041],[88.053869,22.040416],[88.053341,22.040505],[88.052649,22.040671],[88.052486,22.040679],[88.051954,22.040459],[88.051746,22.040544],[88.051455,22.040587],[88.05122,22.040445],[88.050988,22.040364],[88.049638,22.040407],[88.0485,22.04079],[88.048328,22.041045],[88.048479,22.041314],[88.048515,22.041488],[88.048342,22.041892],[88.049004,22.042646],[88.049385,22.043218],[88.049954,22.043666],[88.050091,22.04425],[88.050231,22.04505],[88.050338,22.045302],[88.05003,22.045515],[88.049689,22.045857],[88.049446,22.046201],[88.049076,22.046484],[88.049057,22.046758],[88.049172,22.04698],[88.049856,22.047374],[88.05043,22.047538],[88.050777,22.048093],[88.050905,22.048435],[88.049911,22.049546],[88.048688,22.049957],[88.048197,22.050302],[88.04768,22.050518],[88.047495,22.050708],[88.047049,22.050915],[88.047003,22.051026],[88.047015,22.051153],[88.047328,22.051425],[88.047379,22.051598],[88.047265,22.052401]]]}},{"type":"Feature","properties":{"ward_number":25,"area_km2":1.5620744876,"population_2011":8293,"population_density_2011":5308.97,"population_source":"Census of India 2011 \u00e2\u20ac\u201d Haldia (M) ward record","boundary_source":"Haldia Municipality \u00e2\u20ac\u201d Haldia Municipal Boundary 2012 KMZ"},"geometry":{"type":"Polygon","coordinates":[[[88.040126,22.033346],[88.039848,22.0337],[88.039955,22.033847],[88.040043,22.034003],[88.040094,22.034217],[88.040101,22.034556],[88.040145,22.034638],[88.040534,22.034559],[88.040865,22.034504],[88.0412,22.03475],[88.04134,22.034965],[88.041708,22.034799],[88.042004,22.034896],[88.042495,22.035035],[88.043587,22.03556],[88.043976,22.035162],[88.04432,22.035064],[88.044699,22.035565],[88.0447,22.036205],[88.044333,22.037152],[88.044358,22.037447],[88.044276,22.038034],[88.044283,22.038537],[88.044302,22.03966],[88.044302,22.040554],[88.044301,22.041167],[88.043979,22.041312],[88.044592,22.043129],[88.044725,22.043066],[88.045363,22.042892],[88.046063,22.042663],[88.046876,22.042284],[88.048224,22.041683],[88.048342,22.041892],[88.048515,22.041488],[88.048479,22.041314],[88.048328,22.041045],[88.0485,22.04079],[88.049638,22.040407],[88.050988,22.040364],[88.05122,22.040445],[88.051455,22.040587],[88.051746,22.040544],[88.051954,22.040459],[88.052486,22.040679],[88.052649,22.040671],[88.053341,22.040505],[88.053869,22.040416],[88.054254,22.041],[88.05577,22.041087],[88.056299,22.040146],[88.054699,22.040135],[88.054262,22.040005],[88.053244,22.040313],[88.053042,22.040132],[88.053155,22.03968],[88.053735,22.039574],[88.053888,22.039441],[88.054701,22.039808],[88.055044,22.039529],[88.054563,22.039395],[88.054276,22.03924],[88.054102,22.038765],[88.054207,22.038321],[88.054385,22.038206],[88.054672,22.038183],[88.054827,22.038294],[88.055033,22.038264],[88.055316,22.038177],[88.055416,22.038333],[88.055618,22.038475],[88.055804,22.038509],[88.05611,22.038636],[88.056281,22.038382],[88.05605,22.037909],[88.055836,22.037768],[88.055269,22.037236],[88.054664,22.036415],[88.054367,22.036213],[88.054093,22.035797],[88.053771,22.035575],[88.053795,22.035245],[88.054281,22.033391],[88.054149,22.033341],[88.054037,22.033299],[88.053912,22.033184],[88.053719,22.03315],[88.053305,22.033261],[88.053217,22.032698],[88.053988,22.032534],[88.053932,22.031621],[88.053497,22.0295],[88.051519,22.029697],[88.050692,22.029733],[88.049922,22.029906],[88.049407,22.030189],[88.048971,22.030449],[88.048514,22.030702],[88.048428,22.030784],[88.048301,22.030725],[88.048244,22.0305],[88.048422,22.02997],[88.048431,22.029788],[88.048279,22.029733],[88.048032,22.029655],[88.047856,22.029689],[88.047834,22.029601],[88.047822,22.029273],[88.047763,22.029136],[88.047688,22.029164],[88.047608,22.029337],[88.047447,22.029308],[88.047172,22.029381],[88.046935,22.029258],[88.046932,22.028983],[88.046597,22.028997],[88.046282,22.029028],[88.04615,22.028988],[88.045891,22.028672],[88.045561,22.02855],[88.045229,22.028414],[88.045058,22.028387],[88.04495,22.02858],[88.0449,22.028701],[88.044733,22.028784],[88.044428,22.02879],[88.044207,22.028739],[88.044074,22.028728],[88.043949,22.02867],[88.043709,22.028634],[88.043555,22.028621],[88.043388,22.028686],[88.043288,22.028885],[88.04317,22.02905],[88.043127,22.029174],[88.042931,22.029412],[88.042836,22.029579],[88.042779,22.029654],[88.042508,22.030076],[88.042156,22.030586],[88.041835,22.03105],[88.04095,22.032384],[88.040804,22.032571],[88.040541,22.032831],[88.040417,22.032914],[88.040302,22.033077],[88.040126,22.033346]]]}},{"type":"Feature","properties":{"ward_number":26,"area_km2":3.0601046289,"population_2011":7861,"population_density_2011":2568.87,"population_source":"Census of India 2011 \u00e2\u20ac\u201d Haldia (M) ward record","boundary_source":"Haldia Municipality \u00e2\u20ac\u201d Haldia Municipal Boundary 2012 KMZ","h_areas":["H02","H23","H29"]},"geometry":{"type":"Polygon","coordinates":[[[88.04424,22.028677],[88.044207,22.028739],[88.044428,22.02879],[88.044733,22.028784],[88.0449,22.028701],[88.04495,22.02858],[88.045058,22.028387],[88.045229,22.028414],[88.045561,22.02855],[88.045891,22.028672],[88.04615,22.028988],[88.046282,22.029028],[88.046597,22.028997],[88.046932,22.028983],[88.046935,22.029258],[88.047172,22.029381],[88.047447,22.029308],[88.047608,22.029337],[88.047688,22.029164],[88.047763,22.029136],[88.047822,22.029273],[88.047834,22.029601],[88.047856,22.029689],[88.048032,22.029655],[88.048279,22.029733],[88.048431,22.029788],[88.048422,22.02997],[88.048244,22.0305],[88.048301,22.030725],[88.048428,22.030784],[88.048514,22.030702],[88.048971,22.030449],[88.049407,22.030189],[88.049922,22.029906],[88.050692,22.029733],[88.051519,22.029697],[88.053497,22.0295],[88.053932,22.031621],[88.053988,22.032534],[88.053217,22.032698],[88.053305,22.033261],[88.053719,22.03315],[88.053912,22.033184],[88.054037,22.033299],[88.054149,22.033341],[88.054281,22.033391],[88.053795,22.035245],[88.053771,22.035575],[88.054093,22.035797],[88.054164,22.035898],[88.054228,22.035835],[88.054355,22.035701],[88.054977,22.035115],[88.056186,22.033825],[88.057411,22.032588],[88.058428,22.031771],[88.059349,22.030957],[88.060014,22.030464],[88.060468,22.030038],[88.0608,22.029758],[88.060716,22.029687],[88.059604,22.02839],[88.058511,22.027152],[88.057873,22.02644],[88.057897,22.026419],[88.058236,22.026122],[88.059813,22.024987],[88.061109,22.024126],[88.061702,22.0236],[88.062071,22.023241],[88.062284,22.02308],[88.062625,22.022876],[88.063391,22.022363],[88.063832,22.022029],[88.06426,22.02216],[88.064519,22.022284],[88.064948,22.022787],[88.065506,22.023576],[88.065706,22.023689],[88.065782,22.023601],[88.066415,22.022977],[88.067033,22.022452],[88.068421,22.021169],[88.069914,22.020171],[88.070169,22.020263],[88.072038,22.021079],[88.074235,22.021954],[88.074449,22.022029],[88.074702,22.022093],[88.074963,22.022109],[88.075904,22.022021],[88.076459,22.021904],[88.076894,22.021792],[88.077436,22.021686],[88.078573,22.021122],[88.079208,22.020795],[88.079367,22.020882],[88.079532,22.020978],[88.079584,22.020998],[88.079701,22.021044],[88.079892,22.021217],[88.080113,22.021357],[88.080561,22.0215],[88.081212,22.021619],[88.081809,22.021613],[88.081614,22.021394],[88.081312,22.021114],[88.081148,22.020964],[88.081005,22.020851],[88.080768,22.020761],[88.080479,22.020651],[88.080273,22.020523],[88.079922,22.020321],[88.079649,22.020201],[88.079365,22.020085],[88.078996,22.019939],[88.07872,22.019802],[88.078451,22.019674],[88.078311,22.01967],[88.078218,22.019662],[88.078,22.01961],[88.077747,22.019548],[88.077481,22.019551],[88.077175,22.019511],[88.07696,22.019448],[88.076534,22.019252],[88.075933,22.019043],[88.075489,22.01887],[88.074984,22.018752],[88.07446,22.018637],[88.073937,22.018562],[88.073455,22.018516],[88.073166,22.018494],[88.07276,22.018446],[88.07253,22.018456],[88.072401,22.018478],[88.072225,22.018582],[88.072004,22.018629],[88.071822,22.018634],[88.071616,22.018657],[88.071378,22.018614],[88.071286,22.018603],[88.071206,22.018504],[88.071196,22.018394],[88.071252,22.018103],[88.07128,22.017993],[88.071204,22.01792],[88.071014,22.01778],[88.070726,22.017558],[88.070598,22.017441],[88.070452,22.017302],[88.070287,22.017228],[88.070157,22.01716],[88.070072,22.01699],[88.069987,22.016928],[88.069846,22.016907],[88.069712,22.016856],[88.069603,22.016712],[88.069313,22.016564],[88.069195,22.016454],[88.069044,22.016406],[88.068744,22.016267],[88.068578,22.016173],[88.068524,22.016083],[88.068357,22.015889],[88.068236,22.015757],[88.068132,22.015709],[88.06801,22.015764],[88.067915,22.015823],[88.067824,22.015827],[88.067675,22.015814],[88.067551,22.015737],[88.067394,22.015685],[88.067212,22.015666],[88.066963,22.015628],[88.066825,22.01561],[88.066699,22.015687],[88.066564,22.015731],[88.066353,22.015723],[88.066133,22.015648],[88.066005,22.015592],[88.065856,22.015448],[88.065731,22.015346],[88.065538,22.015274],[88.06538,22.015239],[88.065137,22.015159],[88.064889,22.015031],[88.064677,22.014829],[88.064479,22.014642],[88.064252,22.014447],[88.064081,22.014208],[88.063905,22.013984],[88.0638,22.013904],[88.06363,22.013826],[88.063119,22.013774],[88.062609,22.013795],[88.061993,22.013865],[88.061645,22.013958],[88.061486,22.014082],[88.061286,22.014077],[88.060949,22.014092],[88.06062,22.014166],[88.060382,22.014235],[88.060156,22.01435],[88.059911,22.014366],[88.059674,22.01444],[88.059489,22.014575],[88.059126,22.014732],[88.058776,22.014934],[88.058543,22.015099],[88.057976,22.015227],[88.057853,22.015295],[88.057578,22.015472],[88.057072,22.015922],[88.0568,22.016191],[88.0565,22.016398],[88.056311,22.016582],[88.056081,22.016458],[88.055934,22.016339],[88.055878,22.016196],[88.055892,22.016029],[88.055857,22.015888],[88.055873,22.015813],[88.055795,22.015776],[88.055711,22.015768],[88.0555,22.01575],[88.055289,22.015731],[88.055202,22.015739],[88.05506,22.015803],[88.054936,22.015884],[88.054881,22.015941],[88.054919,22.016068],[88.05491,22.016113],[88.054795,22.016149],[88.05469,22.01614],[88.054581,22.016253],[88.054403,22.016392],[88.054288,22.016536],[88.054248,22.016625],[88.054092,22.016657],[88.053917,22.01678],[88.053848,22.016913],[88.053853,22.0171],[88.053883,22.017165],[88.053865,22.017256],[88.053763,22.01734],[88.053628,22.017374],[88.053598,22.017418],[88.053544,22.017475],[88.053511,22.017534],[88.053457,22.017591],[88.053367,22.01768],[88.053298,22.017705],[88.053047,22.01768],[88.0529,22.017666],[88.052807,22.017704],[88.052708,22.017772],[88.05267,22.017862],[88.052652,22.017954],[88.052634,22.018046],[88.052653,22.018173],[88.052725,22.018242],[88.052797,22.018312],[88.052915,22.01837],[88.05305,22.018445],[88.053101,22.018513],[88.053057,22.018633],[88.052935,22.018715],[88.052789,22.018811],[88.052638,22.018937],[88.052524,22.019097],[88.052349,22.019236],[88.052217,22.019379],[88.051845,22.019795],[88.05142,22.020282],[88.051119,22.020687],[88.050725,22.021108],[88.050564,22.021462],[88.050406,22.021662],[88.050132,22.021926],[88.050013,22.022159],[88.049776,22.022486],[88.049572,22.022739],[88.049369,22.022991],[88.049218,22.023172],[88.049009,22.023302],[88.04889,22.023395],[88.048758,22.023621],[88.04863,22.02383],[88.048436,22.024049],[88.048294,22.024169],[88.048128,22.024302],[88.047938,22.024464],[88.047795,22.024571],[88.047609,22.024634],[88.047459,22.024816],[88.047257,22.025015],[88.047042,22.025293],[88.046836,22.025623],[88.046526,22.025987],[88.046088,22.026552],[88.045019,22.027951],[88.044802,22.02816],[88.044446,22.02839],[88.04424,22.028677]]]}}],"municipal_boundary":{"type":"Polygon","coordinates":[[[88.102221,22.121461],[88.102132,22.121633],[88.102147,22.121896],[88.102244,22.122189],[88.102349,22.122309],[88.102486,22.122417],[88.102617,22.122517],[88.102652,22.122665],[88.102543,22.123168],[88.102577,22.123398],[88.10253,22.123518],[88.102531,22.123568],[88.10264,22.123606],[88.102965,22.123692],[88.10326,22.12378],[88.10358,22.123932],[88.10385,22.124079],[88.104034,22.124066],[88.104248,22.124085],[88.104473,22.124076],[88.104714,22.124113],[88.104931,22.124147],[88.105029,22.124133],[88.105169,22.124081],[88.10529,22.124065],[88.105427,22.124102],[88.105564,22.124106],[88.105711,22.124092],[88.105809,22.124106],[88.105872,22.124251],[88.105913,22.124306],[88.105984,22.124319],[88.106156,22.124287],[88.106471,22.124242],[88.106629,22.12416],[88.10672,22.124032],[88.106889,22.124018],[88.107136,22.124022],[88.107228,22.124167],[88.107291,22.124326],[88.107382,22.124421],[88.107515,22.124401],[88.108082,22.124226],[88.108427,22.124091],[88.108657,22.124053],[88.109081,22.124048],[88.109295,22.124057],[88.109474,22.124146],[88.109798,22.124435],[88.109978,22.12476],[88.110172,22.125031],[88.110495,22.125284],[88.110635,22.125345],[88.110826,22.125437],[88.110856,22.125528],[88.110785,22.125664],[88.110733,22.125796],[88.110707,22.125978],[88.110702,22.126073],[88.110769,22.126198],[88.110737,22.126421],[88.110762,22.126656],[88.110882,22.126936],[88.11096,22.127169],[88.111016,22.127366],[88.111015,22.1276],[88.111058,22.127766],[88.11104,22.127885],[88.1111,22.127933],[88.111484,22.12797],[88.111687,22.127966],[88.111758,22.127888],[88.111976,22.127898],[88.112211,22.127909],[88.112379,22.127859],[88.112466,22.127729],[88.112489,22.127575],[88.112563,22.12748],[88.112859,22.127364],[88.113058,22.127276],[88.113305,22.127259],[88.113525,22.127257],[88.11377,22.127252],[88.114121,22.127167],[88.114448,22.127101],[88.114734,22.127053],[88.114924,22.127079],[88.115142,22.127029],[88.11557,22.12699],[88.115873,22.126767],[88.116136,22.126644],[88.116648,22.126493],[88.116875,22.126444],[88.117146,22.126268],[88.117324,22.126208],[88.117448,22.126112],[88.117779,22.12599],[88.11787,22.125946],[88.118124,22.125943],[88.118451,22.126008],[88.118653,22.12612],[88.11892,22.126178],[88.119235,22.126322],[88.119441,22.126459],[88.119452,22.126552],[88.119506,22.126659],[88.119682,22.126923],[88.119761,22.127075],[88.119812,22.127117],[88.119966,22.127153],[88.120275,22.127177],[88.120427,22.127226],[88.120546,22.127318],[88.120571,22.127483],[88.120699,22.127682],[88.12094,22.127899],[88.121177,22.128068],[88.121337,22.128266],[88.121402,22.128576],[88.121477,22.128826],[88.121677,22.12909],[88.121791,22.129335],[88.121953,22.129554],[88.122054,22.129603],[88.122148,22.129572],[88.122227,22.129474],[88.122251,22.129365],[88.122236,22.129177],[88.122242,22.129024],[88.122197,22.128903],[88.122164,22.128755],[88.122148,22.12858],[88.122115,22.128386],[88.1221,22.128244],[88.12206,22.128133],[88.122029,22.128004],[88.122051,22.127868],[88.122165,22.12775],[88.122268,22.127706],[88.12249,22.127712],[88.122591,22.127761],[88.122695,22.127903],[88.122806,22.127929],[88.122975,22.127944],[88.123141,22.127944],[88.123292,22.127877],[88.123644,22.127745],[88.123921,22.127641],[88.124306,22.127571],[88.124628,22.127426],[88.125077,22.127365],[88.125426,22.127325],[88.125578,22.127328],[88.125802,22.127321],[88.126056,22.12728],[88.126176,22.127205],[88.126283,22.127058],[88.126283,22.126858],[88.126095,22.12661],[88.12601,22.126507],[88.126049,22.12646],[88.125922,22.126369],[88.125882,22.126167],[88.126049,22.126027],[88.126109,22.125875],[88.126049,22.125578],[88.125976,22.125358],[88.126072,22.125211],[88.126201,22.125079],[88.126225,22.124818],[88.126147,22.124625],[88.126046,22.124469],[88.126064,22.123903],[88.1259,22.123464],[88.125947,22.122941],[88.125703,22.122547],[88.125606,22.122129],[88.125425,22.121893],[88.125125,22.121614],[88.124828,22.121309],[88.124653,22.120925],[88.124611,22.120383],[88.124495,22.119965],[88.124261,22.119827],[88.123874,22.119728],[88.12353,22.1197],[88.123464,22.119538],[88.123391,22.119179],[88.123175,22.118797],[88.122508,22.118403],[88.122198,22.118123],[88.122074,22.117725],[88.122042,22.117331],[88.12197,22.117196],[88.121612,22.117324],[88.121199,22.117308],[88.12101,22.117301],[88.120654,22.117394],[88.12025,22.117539],[88.120082,22.11751],[88.119946,22.117381],[88.119881,22.117037],[88.119675,22.117114],[88.119299,22.117143],[88.119165,22.117258],[88.118899,22.117336],[88.118771,22.117242],[88.118602,22.116843],[88.118354,22.116581],[88.118023,22.116562],[88.117664,22.116542],[88.117563,22.116317],[88.117687,22.116001],[88.118029,22.11578],[88.11829,22.115617],[88.118348,22.115376],[88.118418,22.115165],[88.118804,22.115016],[88.118885,22.114826],[88.118791,22.114641],[88.118676,22.114374],[88.118712,22.114213],[88.118917,22.11406],[88.119387,22.114005],[88.119847,22.113896],[88.119939,22.113716],[88.119839,22.113456],[88.119741,22.112787],[88.119785,22.112453],[88.119899,22.11214],[88.119802,22.111953],[88.119761,22.111756],[88.120035,22.111484],[88.120614,22.111386],[88.121055,22.111321],[88.121156,22.111164],[88.121213,22.110827],[88.12114,22.110466],[88.120297,22.109899],[88.119524,22.109461],[88.118815,22.109158],[88.118793,22.108956],[88.118787,22.10834],[88.118342,22.107752],[88.117518,22.107577],[88.117464,22.107636],[88.117364,22.107528],[88.117246,22.107537],[88.11718,22.107537],[88.117123,22.107455],[88.117021,22.107393],[88.116908,22.107386],[88.116814,22.107391],[88.116668,22.107357],[88.11656,22.107319],[88.116425,22.107372],[88.116308,22.107433],[88.116145,22.107525],[88.116051,22.10755],[88.11591,22.107514],[88.115817,22.107464],[88.115678,22.107468],[88.115473,22.107614],[88.115361,22.107787],[88.115247,22.108037],[88.115179,22.108157],[88.11511,22.108185],[88.1148,22.108289],[88.1146,22.108417],[88.114424,22.108607],[88.11423,22.10879],[88.114038,22.108949],[88.113862,22.109137],[88.11363,22.109478],[88.113352,22.110202],[88.113162,22.110908],[88.113138,22.111369],[88.113146,22.111557],[88.113155,22.111753],[88.113164,22.112111],[88.113115,22.112307],[88.113057,22.11256],[88.113013,22.112897],[88.112934,22.113176],[88.113019,22.113348],[88.113216,22.113567],[88.113312,22.114058],[88.113271,22.114635],[88.113224,22.11488],[88.113183,22.114936],[88.113011,22.114964],[88.112829,22.114955],[88.112584,22.114971],[88.112397,22.115024],[88.112085,22.115185],[88.111888,22.115271],[88.111619,22.115377],[88.111364,22.115514],[88.11103,22.115737],[88.110748,22.115929],[88.110578,22.116007],[88.110526,22.115892],[88.110478,22.115823],[88.110466,22.115708],[88.11048,22.115398],[88.110449,22.114853],[88.110404,22.11458],[88.1103,22.114417],[88.110184,22.114393],[88.110092,22.114465],[88.109998,22.114515],[88.109862,22.114473],[88.109763,22.114431],[88.109708,22.114514],[88.109649,22.114717],[88.109524,22.114945],[88.109424,22.114979],[88.109339,22.114947],[88.109231,22.114832],[88.1092,22.11476],[88.109046,22.114748],[88.10896,22.114747],[88.108794,22.114712],[88.108637,22.114709],[88.108518,22.114749],[88.108467,22.114785],[88.108363,22.114788],[88.108258,22.114757],[88.108102,22.114743],[88.107935,22.11474],[88.107752,22.114734],[88.107634,22.114723],[88.107472,22.114689],[88.107341,22.114696],[88.107155,22.114745],[88.10694,22.114776],[88.106805,22.114802],[88.106731,22.114808],[88.106597,22.114789],[88.106317,22.114815],[88.106183,22.114836],[88.106092,22.114845],[88.105932,22.114829],[88.105798,22.114804],[88.105711,22.114795],[88.105641,22.114861],[88.105648,22.115001],[88.105647,22.115139],[88.105599,22.115223],[88.105474,22.115325],[88.105414,22.115387],[88.105452,22.115487],[88.105588,22.115678],[88.105693,22.115982],[88.105739,22.116212],[88.105697,22.116432],[88.105574,22.116737],[88.105479,22.116812],[88.10535,22.116853],[88.105057,22.116902],[88.104794,22.117004],[88.104502,22.117175],[88.104336,22.117323],[88.104248,22.117575],[88.104281,22.117703],[88.104441,22.117882],[88.104658,22.118098],[88.104717,22.118296],[88.104756,22.118428],[88.104824,22.118492],[88.105017,22.118495],[88.105344,22.118503],[88.105571,22.118483],[88.105642,22.118565],[88.105739,22.118948],[88.105719,22.119572],[88.105656,22.119903],[88.105571,22.120116],[88.105445,22.120201],[88.10533,22.120267],[88.105124,22.120281],[88.104901,22.1203],[88.104786,22.12028],[88.104594,22.120244],[88.104507,22.120168],[88.104448,22.120102],[88.104358,22.120114],[88.104276,22.120128],[88.104233,22.120181],[88.104174,22.120194],[88.104114,22.120257],[88.104021,22.120283],[88.103946,22.120456],[88.103802,22.120498],[88.103503,22.120507],[88.103195,22.120517],[88.102946,22.120633],[88.102718,22.120805],[88.102569,22.121072],[88.102368,22.121324],[88.102221,22.121461]]]}}